filename,region,aoi,is_new_shoreline,total_rows,excluded_rows,included_rows,reason
Z:\Retrolens\Auckland\Hobsonville\Shorelines\Hobsonville_shorelines.shp,Auckland,Hobsonville,True,78,78,0,missing Total_UNCY
Z:\MaxarImagery\HighFreq\Auckland\KarekareBethells\Shorelines\KarekareBethells_01MAR2015.shp,Auckland,KarekareBethells,False,15,15,0,missing Total_UNCY
Z:\MaxarImagery\HighFreq\Auckland\KarekareBethells\Shorelines\KarekareBethells_03JAN2011.shp,Auckland,KarekareBethells,False,8,8,0,missing Total_UNCY
Z:\MaxarImagery\HighFreq\Auckland\KarekareBethells\Shorelines\KarekareBethells_04JAN2017.shp,Auckland,KarekareBethells,False,19,19,0,missing Total_UNCY
Z:\MaxarImagery\HighFreq\Auckland\KarekareBethells\Shorelines\KarekareBethells_04JAN2022.shp,Auckland,KarekareBethells,False,19,19,0,missing Total_UNCY
Z:\MaxarImagery\HighFreq\Auckland\KarekareBethells\Shorelines\KarekareBethells_04JUL2024.shp,Auckland,KarekareBethells,True,6,6,0,missing Total_UNCY
Z:\MaxarImagery\HighFreq\Auckland\KarekareBethells\Shorelines\KarekareBethells_05APR2016.shp,Auckland,KarekareBethells,False,6,6,0,missing Total_UNCY
Z:\MaxarImagery\HighFreq\Auckland\KarekareBethells\Shorelines\KarekareBethells_07APRIL2010.shp,Auckland,KarekareBethells,False,9,9,0,missing Total_UNCY
Z:\MaxarImagery\HighFreq\Auckland\KarekareBethells\Shorelines\KarekareBethells_19MAR2023.shp,Auckland,KarekareBethells,True,6,6,0,missing Total_UNCY
Z:\MaxarImagery\HighFreq\Auckland\KarekareBethells\Shorelines\KarekareBethells_20SEP2008.shp,Auckland,KarekareBethells,False,9,9,0,missing Total_UNCY
Z:\MaxarImagery\HighFreq\Auckland\KarekareBethells\Shorelines\KarekareBethells_21MAR2021.shp,Auckland,KarekareBethells,False,23,23,0,missing Total_UNCY
Z:\MaxarImagery\HighFreq\Auckland\KarekareBethells\Shorelines\KarekareBethells_22MAR2019.shp,Auckland,KarekareBethells,False,7,7,0,missing Total_UNCY
Z:\MaxarImagery\HighFreq\Auckland\KarekareBethells\Shorelines\KarekareBethells_23AUG2006.shp,Auckland,KarekareBethells,False,10,10,0,missing Total_UNCY
Z:\MaxarImagery\HighFreq\Auckland\KarekareBethells\Shorelines\KarekareBethells_23SEP2011.shp,Auckland,KarekareBethells,False,5,5,0,missing Total_UNCY
Z:\MaxarImagery\HighFreq\Auckland\KarekareBethells\Shorelines\KarekareBethells_25MAR2013.shp,Auckland,KarekareBethells,False,11,11,0,missing Total_UNCY
Z:\Retrolens\Auckland\KarekareBethells\Shorelines\KarekareBethells_02JAN2004.shp,Auckland,KarekareBethells,False,7,7,0,missing Total_UNCY
Z:\Retrolens\Auckland\KarekareBethells\Shorelines\KarekareBethells_09AUG1955.shp,Auckland,KarekareBethells,False,6,6,0,missing Total_UNCY
Z:\Retrolens\Auckland\KarekareBethells\Shorelines\KarekareBethells_14APR1940.shp,Auckland,KarekareBethells,False,6,6,0,missing Total_UNCY
Z:\Retrolens\Auckland\KarekareBethells\Shorelines\KarekareBethells_19AUG1960.shp,Auckland,KarekareBethells,False,2,2,0,missing Total_UNCY
Z:\Retrolens\Auckland\KarekareBethells\Shorelines\KarekareBethells_20MAR1988.shp,Auckland,KarekareBethells,False,7,7,0,missing Total_UNCY
Z:\Retrolens\Auckland\KarekareBethells\Shorelines\KarekareBethells_24OCT1980.shp,Auckland,KarekareBethells,False,7,7,0,missing Total_UNCY
Z:\Retrolens\Auckland\ManukapuaIsland\Shorelines\ManukapuaIsland_02MAY1996.shp,Auckland,ManukapuaIsland,True,8,8,0,missing Total_UNCY
Z:\Retrolens\Auckland\ManukapuaIsland\Shorelines\ManukapuaIsland_07FEB1982.shp,Auckland,ManukapuaIsland,True,13,13,0,missing Total_UNCY
Z:\Retrolens\Auckland\ManukapuaIsland\Shorelines\ManukapuaIsland_09MAR2011.shp,Auckland,ManukapuaIsland,True,10,10,0,missing Total_UNCY
Z:\Retrolens\Auckland\ManukapuaIsland\Shorelines\ManukapuaIsland_14OCT1966.shp,Auckland,ManukapuaIsland,True,9,9,0,missing Total_UNCY
Z:\Retrolens\Auckland\ManukapuaIsland\Shorelines\ManukapuaIsland_16DEC1976.shp,Auckland,ManukapuaIsland,True,10,10,0,missing Total_UNCY
Z:\MaxarImagery\HighFreq\Auckland\MuriwaiSouth\Shorelines\MuriwaiSouth_07APR2010.shp,Auckland,MuriwaiSouth,False,22,22,0,missing Total_UNCY
Z:\MaxarImagery\HighFreq\Auckland\MuriwaiSouth\Shorelines\MuriwaiSouth_09JULY2015.shp,Auckland,MuriwaiSouth,False,12,12,0,missing Total_UNCY
Z:\MaxarImagery\HighFreq\Auckland\MuriwaiSouth\Shorelines\MuriwaiSouth_15JULY2006.shp,Auckland,MuriwaiSouth,False,30,30,0,missing Total_UNCY
Z:\MaxarImagery\HighFreq\Auckland\MuriwaiSouth\Shorelines\MuriwaiSouth_15JULY2017.shp,Auckland,MuriwaiSouth,False,22,22,0,missing Total_UNCY
Z:\MaxarImagery\HighFreq\Auckland\MuriwaiSouth\Shorelines\MuriwaiSouth_17JAN2022.shp,Auckland,MuriwaiSouth,False,31,31,0,missing Total_UNCY
Z:\MaxarImagery\HighFreq\Auckland\MuriwaiSouth\Shorelines\MuriwaiSouth_25JAN2020.shp,Auckland,MuriwaiSouth,False,28,28,0,missing Total_UNCY
Z:\MaxarImagery\HighFreq\Auckland\MuriwaiSouth\Shorelines\MuriwaiSouth_31DEC2012.shp,Auckland,MuriwaiSouth,False,19,19,0,missing Total_UNCY
Z:\Retrolens\Auckland\MuriwaiSouth\Shorelines\MuriwaiSouth_02JAN2004.shp,Auckland,MuriwaiSouth,False,7,7,0,missing Total_UNCY
Z:\Retrolens\Auckland\MuriwaiSouth\Shorelines\MuriwaiSouth_03JAN2011.shp,Auckland,MuriwaiSouth,False,20,20,0,missing Total_UNCY
Z:\Retrolens\Auckland\MuriwaiSouth\Shorelines\MuriwaiSouth_04APR1961.shp,Auckland,MuriwaiSouth,False,4,4,0,missing Total_UNCY
Z:\Retrolens\Auckland\MuriwaiSouth\Shorelines\MuriwaiSouth_17NOV1987.shp,Auckland,MuriwaiSouth,False,3,3,0,missing Total_UNCY
Z:\Retrolens\Auckland\MuriwaiSouth\Shorelines\MuriwaiSouth_22APR1940.shp,Auckland,MuriwaiSouth,False,3,3,0,missing Total_UNCY
Z:\Retrolens\Auckland\Ngataringa\Shorelines\Ngataringa_shoreline.shp,Auckland,Ngataringa,True,110,110,0,missing Total_UNCY
Z:\Retrolens\Auckland\Omaha\Shorelines\Omaha_01MAR2023.shp,Auckland,Omaha,False,8,8,0,missing Total_UNCY
Z:\Retrolens\Auckland\Omaha\Shorelines\Omaha_02MAY1996.shp,Auckland,Omaha,False,1,1,0,missing Total_UNCY
Z:\Retrolens\Auckland\Omaha\Shorelines\Omaha_02SEP1982.shp,Auckland,Omaha,False,1,1,0,missing Total_UNCY
Z:\Retrolens\Auckland\Omaha\Shorelines\Omaha_04APR2023.shp,Auckland,Omaha,False,19,19,0,missing Total_UNCY
Z:\Retrolens\Auckland\Omaha\Shorelines\Omaha_04DEC2012.shp,Auckland,Omaha,False,1,1,0,missing Total_UNCY
Z:\Retrolens\Auckland\Omaha\Shorelines\Omaha_05DEC1973.shp,Auckland,Omaha,False,3,3,0,missing Total_UNCY
Z:\Retrolens\Auckland\Omaha\Shorelines\Omaha_11OCT1963.shp,Auckland,Omaha,False,2,2,0,missing Total_UNCY
Z:\Retrolens\Auckland\Omaha\Shorelines\Omaha_13MAR2022.shp,Auckland,Omaha,False,9,9,0,missing Total_UNCY
Z:\Retrolens\Auckland\Omaha\Shorelines\Omaha_19FEB1992.shp,Auckland,Omaha,False,2,2,0,missing Total_UNCY
Z:\Retrolens\Auckland\Omaha\Shorelines\Omaha_21MAR2023.shp,Auckland,Omaha,False,8,8,0,missing Total_UNCY
Z:\Retrolens\Auckland\Omaha\Shorelines\Omaha_23DEC2021.shp,Auckland,Omaha,False,8,8,0,missing Total_UNCY
Z:\Retrolens\Auckland\Omaha\Shorelines\Omaha_28FEB2023.shp,Auckland,Omaha,False,5,5,0,missing Total_UNCY
Z:\Retrolens\Auckland\OmokoitiBay\Shorelines\OmokoritoBay_05FEB1996.shp,Auckland,OmokoitiBay,True,12,12,0,missing Total_UNCY
Z:\Retrolens\Auckland\OmokoitiBay\Shorelines\OmokoritoBay_09FEB1982.shp,Auckland,OmokoitiBay,True,20,20,0,missing Total_UNCY
Z:\Retrolens\Auckland\OmokoitiBay\Shorelines\OmokoritoBay_09MAR2011.shp,Auckland,OmokoitiBay,True,11,11,0,missing Total_UNCY
Z:\Retrolens\Auckland\OmokoitiBay\Shorelines\OmokoritoBay_15APR1975.shp,Auckland,OmokoitiBay,True,15,15,0,missing Total_UNCY
Z:\Retrolens\Auckland\OmokoitiBay\Shorelines\OmokoritoBay_18MAR2024.shp,Auckland,OmokoitiBay,True,12,12,0,missing Total_UNCY
Z:\Retrolens\Auckland\OmokoitiBay\Shorelines\OmokoritoBay_24APR1940.shp,Auckland,OmokoitiBay,True,4,4,0,missing Total_UNCY
Z:\Retrolens\Auckland\OmokoitiBay\Shorelines\OmokoritoBay_28SEP1968.shp,Auckland,OmokoitiBay,True,15,15,0,missing Total_UNCY
Z:\Retrolens\Auckland\OrongoPoint\Shorelines\OrongoPoint_02SEP1982.shp,Auckland,OrongoPoint,True,6,6,0,missing Total_UNCY
Z:\Retrolens\Auckland\OrongoPoint\Shorelines\OrongoPoint_04DEC1973.shp,Auckland,OrongoPoint,True,4,4,0,missing Total_UNCY
Z:\Retrolens\Auckland\OrongoPoint\Shorelines\OrongoPoint_14OCT1966.shp,Auckland,OrongoPoint,True,8,8,0,missing Total_UNCY
Z:\Retrolens\Auckland\OrongoPoint\Shorelines\OrongoPoint_16DEC1976.shp,Auckland,OrongoPoint,True,8,8,0,missing Total_UNCY
Z:\Retrolens\Auckland\OrongoPoint\Shorelines\OrongoPoint_17JAN2022.shp,Auckland,OrongoPoint,True,8,8,0,missing Total_UNCY
Z:\Retrolens\Auckland\OrongoPoint\Shorelines\OrongoPoint_29FEB1992.shp,Auckland,OrongoPoint,True,4,4,0,missing Total_UNCY
Z:\Retrolens\Auckland\OrongoPoint\Shorelines\OrongoPoint_29JUN2011.shp,Auckland,OrongoPoint,True,10,10,0,missing Total_UNCY
Z:\Retrolens\Auckland\PollenIsland\Shorelines\PollenIsland_shoreline.shp,Auckland,PollenIsland,True,228,228,0,missing Total_UNCY
Z:\Retrolens\Auckland\ShellyBeach\Shorelines\ShellyBeach_02MAY1996.shp,Auckland,ShellyBeach,True,3,3,0,missing Total_UNCY
Z:\Retrolens\Auckland\ShellyBeach\Shorelines\ShellyBeach_15MAY1975.shp,Auckland,ShellyBeach,True,9,9,0,missing Total_UNCY
Z:\Retrolens\Auckland\ShellyBeach\Shorelines\ShellyBeach_17JAN2022.shp,Auckland,ShellyBeach,True,12,12,0,missing Total_UNCY
Z:\Retrolens\Auckland\ShellyBeach\Shorelines\ShellyBeach_17NOV1987.shp,Auckland,ShellyBeach,True,12,12,0,missing Total_UNCY
Z:\Retrolens\Auckland\ShellyBeach\Shorelines\ShellyBeach_18MAR2024.shp,Auckland,ShellyBeach,True,1,1,0,missing Total_UNCY
Z:\Retrolens\Auckland\ShellyBeach\Shorelines\ShellyBeach_24APR1940.shp,Auckland,ShellyBeach,True,9,9,0,missing Total_UNCY
Z:\Retrolens\Auckland\ShellyBeach\Shorelines\ShellyBeach_28SEP1968.shp,Auckland,ShellyBeach,True,10,10,0,missing Total_UNCY
Z:\Retrolens\Auckland\ShellyBeach\Shorelines\ShellyBeach_29JUN2012.shp,Auckland,ShellyBeach,True,13,13,0,missing Total_UNCY
Z:\Retrolens\Auckland\ShoalBay\Shorelines\ShoalBay_Shorelines_All.shp,Auckland,ShoalBay,True,10,10,0,missing Total_UNCY
Z:\Retrolens\Auckland\SoldiersBay\Shorelines\SoldiersBay_shorelines.shp,Auckland,SoldiersBay,True,24,24,0,missing Total_UNCY
Z:\Retrolens\Auckland\TeAtatu\Shorelines\TeAtatu_shorelines.shp,Auckland,TeAtatu,True,109,109,0,missing Total_UNCY
Z:\Retrolens\Auckland\TeHakono_clarksbay\Shorelines\TeHakono_ClarksBay_03DEC1995.shp,Auckland,TeHakono_clarksbay,True,9,9,0,missing Total_UNCY
Z:\Retrolens\Auckland\TeHakono_clarksbay\Shorelines\TeHakono_ClarksBay_06NOV2015.shp,Auckland,TeHakono_clarksbay,True,14,14,0,missing Total_UNCY
Z:\Retrolens\Auckland\TeHakono_clarksbay\Shorelines\TeHakono_ClarksBay_09APR1987.shp,Auckland,TeHakono_clarksbay,True,8,8,0,missing Total_UNCY
Z:\Retrolens\Auckland\TeHakono_clarksbay\Shorelines\TeHakono_ClarksBay_09MAR2025.shp,Auckland,TeHakono_clarksbay,True,12,12,0,missing Total_UNCY
Z:\Retrolens\Auckland\TeHakono_clarksbay\Shorelines\TeHakono_ClarksBay_14OCT1966.shp,Auckland,TeHakono_clarksbay,True,11,11,0,missing Total_UNCY
Z:\Retrolens\Auckland\TeHakono_clarksbay\Shorelines\TeHakono_ClarksBay_24OCT1953.shp,Auckland,TeHakono_clarksbay,True,11,11,0,missing Total_UNCY
Z:\MaxarImagery\HighFreq\BayOfPlenty\Ohiwa\Shorelines\Ohiwa_02OCT2018.shp,BayOfPlenty,Ohiwa,False,7,7,0,missing Total_UNCY
Z:\MaxarImagery\HighFreq\BayOfPlenty\Ohiwa\Shorelines\Ohiwa_03FEB2020.shp,BayOfPlenty,Ohiwa,False,4,4,0,missing Total_UNCY
Z:\MaxarImagery\HighFreq\BayOfPlenty\Ohiwa\Shorelines\Ohiwa_08APR2013.shp,BayOfPlenty,Ohiwa,False,5,5,0,missing Total_UNCY
Z:\MaxarImagery\HighFreq\BayOfPlenty\Ohiwa\Shorelines\Ohiwa_16APR2015.shp,BayOfPlenty,Ohiwa,False,5,5,0,missing Total_UNCY
Z:\MaxarImagery\HighFreq\BayOfPlenty\Ohiwa\Shorelines\Ohiwa_16MAR2012.shp,BayOfPlenty,Ohiwa,False,4,4,0,missing Total_UNCY
Z:\MaxarImagery\HighFreq\BayOfPlenty\Ohiwa\Shorelines\Ohiwa_25MAR2010.shp,BayOfPlenty,Ohiwa,False,4,4,0,missing Total_UNCY
Z:\MaxarImagery\HighFreq\BayOfPlenty\OhopeBeach\Shorelines\OhopeBeach_18AUG2021.shp,BayOfPlenty,OhopeBeach,False,4,4,0,missing Total_UNCY
Z:\MaxarImagery\HighFreq\BayOfPlenty\OhopeBeach\Shorelines\OhopeBeach_21JUNE2010.shp,BayOfPlenty,OhopeBeach,False,3,3,0,missing Total_UNCY
Z:\MaxarImagery\HighFreq\Canterbury\GoochBay\Shorelines\GoochBay_01JUN2023.shp,Canterbury,GoochBay,True,4,4,0,missing Total_UNCY
Z:\MaxarImagery\HighFreq\Canterbury\GoochBay\Shorelines\GoochBay_16FEB2022.shp,Canterbury,GoochBay,True,6,6,0,missing Total_UNCY
Z:\MaxarImagery\HighFreq\Canterbury\GoochBay\Shorelines\GoochBay_22NOV2016.shp,Canterbury,GoochBay,True,3,3,0,missing Total_UNCY
Z:\Retrolens\Canterbury\GoochBay\Shorelines\GoochBay_10DEC1942.shp,Canterbury,GoochBay,False,7,7,0,missing Total_UNCY
Z:\Retrolens\Canterbury\GoochBay\Shorelines\GoochBay_13JAN2000.shp,Canterbury,GoochBay,False,6,6,0,missing Total_UNCY
Z:\Retrolens\Canterbury\GoochBay\Shorelines\GoochBay_19JAN2022.shp,Canterbury,GoochBay,False,3,3,0,missing Total_UNCY
Z:\Retrolens\Canterbury\GoochBay\Shorelines\GoochBay_20DEC2016.shp,Canterbury,GoochBay,False,5,5,0,missing Total_UNCY
Z:\Retrolens\Canterbury\GoochBay\Shorelines\GoochBay_25SEP1980.shp,Canterbury,GoochBay,False,7,7,0,missing Total_UNCY
Z:\Retrolens\Canterbury\GoochBay\Shorelines\GoochBay_8DEC1972.shp,Canterbury,GoochBay,False,2,2,0,missing Total_UNCY
Z:\Retrolens\Canterbury\GoochBay\Shorelines\GoochBay_8OCT1961.shp,Canterbury,GoochBay,False,4,4,0,missing Total_UNCY
Z:\MaxarImagery\HighFreq\Canterbury\SouthNewBrighton\Shorelines\SouthNewBrighton_03FEB2010.shp,Canterbury,SouthNewBrighton,False,4,4,0,missing Total_UNCY
Z:\MaxarImagery\HighFreq\Canterbury\SouthNewBrighton\Shorelines\SouthNewBrighton_04NOV2015.shp,Canterbury,SouthNewBrighton,False,6,6,0,missing Total_UNCY
Z:\MaxarImagery\HighFreq\Canterbury\SouthNewBrighton\Shorelines\SouthNewBrighton_09SEP2021.shp,Canterbury,SouthNewBrighton,True,16,16,0,missing Total_UNCY
Z:\MaxarImagery\HighFreq\Canterbury\SouthNewBrighton\Shorelines\SouthNewBrighton_11FEB2006.shp,Canterbury,SouthNewBrighton,False,4,4,0,missing Total_UNCY
Z:\MaxarImagery\HighFreq\Canterbury\SouthNewBrighton\Shorelines\SouthNewBrighton_13AUG2023.shp,Canterbury,SouthNewBrighton,True,15,15,0,missing Total_UNCY
Z:\MaxarImagery\HighFreq\Canterbury\SouthNewBrighton\Shorelines\SouthNewBrighton_17FEB2018.shp,Canterbury,SouthNewBrighton,False,3,3,0,missing Total_UNCY
Z:\MaxarImagery\HighFreq\Canterbury\SouthNewBrighton\Shorelines\SouthNewBrighton_19OCT2012.shp,Canterbury,SouthNewBrighton,False,5,5,0,missing Total_UNCY
Z:\MaxarImagery\HighFreq\Canterbury\SouthNewBrighton\Shorelines\SouthNewBrighton_22JAN2020.shp,Canterbury,SouthNewBrighton,False,6,6,0,missing Total_UNCY
Z:\MaxarImagery\HighFreq\Canterbury\SouthNewBrighton\Shorelines\SouthNewBrighton_29JAN2003.shp,Canterbury,SouthNewBrighton,False,4,4,0,missing Total_UNCY
Z:\Retrolens\Canterbury\SouthNewBrighton\Shorelines\Shorelines.shp,Canterbury,SouthNewBrighton,False,24,24,0,missing Total_UNCY
Z:\Retrolens\Canterbury\SouthNewBrighton\Shorelines\SouthNewBrighton_13SEP1940.shp,Canterbury,SouthNewBrighton,False,2,2,0,missing Total_UNCY
Z:\Retrolens\Canterbury\SouthNewBrighton\Shorelines\SouthNewBrighton_16AUG1950.shp,Canterbury,SouthNewBrighton,False,2,2,0,missing Total_UNCY
Z:\Retrolens\Canterbury\SouthNewBrighton\Shorelines\SouthNewBrighton_16NOV2015.shp,Canterbury,SouthNewBrighton,False,4,4,0,missing Total_UNCY
Z:\Retrolens\Canterbury\SouthNewBrighton\Shorelines\SouthNewBrighton_21SEP1961.shp,Canterbury,SouthNewBrighton,False,3,3,0,missing Total_UNCY
Z:\Retrolens\Canterbury\SouthNewBrighton\Shorelines\SouthNewBrighton_26NOV1994.shp,Canterbury,SouthNewBrighton,False,2,2,0,missing Total_UNCY
Z:\Retrolens\Canterbury\SouthNewBrighton\Shorelines\SouthNewBrighton_26SEP1973.shp,Canterbury,SouthNewBrighton,False,4,4,0,missing Total_UNCY
Z:\Retrolens\Canterbury\SouthNewBrighton\Shorelines\SouthNewBrighton_28DEC1984.shp,Canterbury,SouthNewBrighton,False,6,6,0,missing Total_UNCY
Z:\MaxarImagery\HighFreq\Gisborne\Gisborne\Shorelines\Gisborne_02FEB2015.shp,Gisborne,Gisborne,False,12,12,0,missing Total_UNCY
Z:\MaxarImagery\HighFreq\Gisborne\Gisborne\Shorelines\Gisborne_19SPR2011.shp,Gisborne,Gisborne,False,12,12,0,missing Total_UNCY
Z:\MaxarImagery\HighFreq\Gisborne\Gisborne\Shorelines\Gisborne_28SEP2021.shp,Gisborne,Gisborne,False,6,6,0,missing Total_UNCY
Z:\MaxarImagery\HighFreq\Gisborne\Gisborne\Shorelines\Gisborne_31AUG2005.shp,Gisborne,Gisborne,False,12,12,0,missing Total_UNCY
Z:\Retrolens\Gisborne\Gisborne\Shorelines\Gisborne_04MAR1979.shp,Gisborne,Gisborne,False,4,4,0,missing Total_UNCY
Z:\Retrolens\Gisborne\Gisborne\Shorelines\Gisborne_06JUL1948.shp,Gisborne,Gisborne,False,6,6,0,missing Total_UNCY
Z:\Retrolens\Gisborne\Gisborne\Shorelines\Gisborne_07MAR2023.shp,Gisborne,Gisborne,False,27,27,0,missing Total_UNCY
Z:\Retrolens\Gisborne\Gisborne\Shorelines\Gisborne_16FEB2018.shp,Gisborne,Gisborne,False,4,4,0,missing Total_UNCY
Z:\Retrolens\Gisborne\Gisborne\Shorelines\Gisborne_16FEB2022.shp,Gisborne,Gisborne,False,13,13,0,missing Total_UNCY
Z:\Retrolens\Gisborne\Gisborne\Shorelines\Gisborne_16NOV1982.shp,Gisborne,Gisborne,False,4,4,0,missing Total_UNCY
Z:\Retrolens\Gisborne\Gisborne\Shorelines\Gisborne_23SEP1965.shp,Gisborne,Gisborne,False,3,3,0,missing Total_UNCY
Z:\Retrolens\Gisborne\Gisborne\Shorelines\Gisborne_27APR1972.shp,Gisborne,Gisborne,False,2,2,0,missing Total_UNCY
Z:\Retrolens\Gisborne\Gisborne\Shorelines\Gisborne_27NOV1964.shp,Gisborne,Gisborne,False,3,3,0,missing Total_UNCY
Z:\Retrolens\Gisborne\Gisborne\Shorelines\Gisborne_27OCT1988.shp,Gisborne,Gisborne,False,1,1,0,missing Total_UNCY
Z:\Retrolens\Gisborne\Gisborne\Shorelines\Gisborne_29OCT1957.shp,Gisborne,Gisborne,False,7,7,0,missing Total_UNCY
Z:\MaxarImagery\HighFreq\Gisborne\Tolaga_KaiauaBay\Shorelines\Tolaga_KaiauaBay_10JAN2017.shp,Gisborne,Tolaga_KaiauaBay,False,13,13,0,missing Total_UNCY
Z:\MaxarImagery\HighFreq\Gisborne\Tolaga_KaiauaBay\Shorelines\Tolaga_KaiauaBay_13SEP2012.shp,Gisborne,Tolaga_KaiauaBay,False,13,13,0,missing Total_UNCY
Z:\MaxarImagery\HighFreq\Gisborne\Tolaga_KaiauaBay\Shorelines\Tolaga_KaiauaBay_20FEB2021.shp,Gisborne,Tolaga_KaiauaBay,False,13,13,0,missing Total_UNCY
Z:\MaxarImagery\HighFreq\Gisborne\Tolaga_KaiauaBay\Shorelines\Tolaga_KaiauaBay_22MAR2003.shp,Gisborne,Tolaga_KaiauaBay,False,13,13,0,missing Total_UNCY
Z:\MaxarImagery\HighFreq\Gisborne\Tolaga_KaiauaBay\Shorelines\Tolaga_KaiauaBay_31MAY2007.shp,Gisborne,Tolaga_KaiauaBay,False,10,10,0,missing Total_UNCY
Z:\Retrolens\Gisborne\Tolaga_KaiauaBay\Shorelines\Tolaga_KaiauaBay_04MAR1979.shp,Gisborne,Tolaga_KaiauaBay,False,10,10,0,missing Total_UNCY
Z:\Retrolens\Gisborne\Tolaga_KaiauaBay\Shorelines\Tolaga_KaiauaBay_07MAR2023.shp,Gisborne,Tolaga_KaiauaBay,False,11,11,0,missing Total_UNCY
Z:\Retrolens\Gisborne\Tolaga_KaiauaBay\Shorelines\Tolaga_KaiauaBay_14MAR1943.shp,Gisborne,Tolaga_KaiauaBay,False,2,2,0,missing Total_UNCY
Z:\Retrolens\Gisborne\Tolaga_KaiauaBay\Shorelines\Tolaga_KaiauaBay_14NOV1982.shp,Gisborne,Tolaga_KaiauaBay,False,6,6,0,missing Total_UNCY
Z:\Retrolens\Gisborne\Tolaga_KaiauaBay\Shorelines\Tolaga_KaiauaBay_14NOV1987.shp,Gisborne,Tolaga_KaiauaBay,False,1,1,0,missing Total_UNCY
Z:\Retrolens\Gisborne\Tolaga_KaiauaBay\Shorelines\Tolaga_KaiauaBay_15FEB2018.shp,Gisborne,Tolaga_KaiauaBay,False,11,11,0,missing Total_UNCY
Z:\Retrolens\Gisborne\Tolaga_KaiauaBay\Shorelines\Tolaga_KaiauaBay_16FEB2022.shp,Gisborne,Tolaga_KaiauaBay,False,24,24,0,missing Total_UNCY
Z:\Retrolens\Gisborne\Tolaga_KaiauaBay\Shorelines\Tolaga_KaiauaBay_18NOV1957.shp,Gisborne,Tolaga_KaiauaBay,False,6,6,0,missing Total_UNCY
Z:\Retrolens\Gisborne\Tolaga_KaiauaBay\Shorelines\Tolaga_KaiauaBay_20JAN2023.shp,Gisborne,Tolaga_KaiauaBay,False,2,2,0,missing Total_UNCY
Z:\Retrolens\Gisborne\Tolaga_KaiauaBay\Shorelines\Tolaga_KaiauaBay_21FEB2023.shp,Gisborne,Tolaga_KaiauaBay,False,2,2,0,missing Total_UNCY
Z:\Retrolens\Gisborne\Tolaga_KaiauaBay\Shorelines\Tolaga_KaiauaBay_27JAN1960.shp,Gisborne,Tolaga_KaiauaBay,False,9,9,0,missing Total_UNCY
Z:\MaxarImagery\HighFreq\HawkesBay\CliftonHaumoana\Shorelines\CliftonHaumoana_05JAN2012.shp,HawkesBay,CliftonHaumoana,False,3,3,0,missing Total_UNCY
Z:\MaxarImagery\HighFreq\HawkesBay\CliftonHaumoana\Shorelines\CliftonHaumoana_06FEB2017.shp,HawkesBay,CliftonHaumoana,False,1,1,0,missing Total_UNCY
Z:\MaxarImagery\HighFreq\HawkesBay\CliftonHaumoana\Shorelines\CliftonHaumoana_06JAN2006.shp,HawkesBay,CliftonHaumoana,False,3,3,0,missing Total_UNCY
Z:\MaxarImagery\HighFreq\HawkesBay\CliftonHaumoana\Shorelines\CliftonHaumoana_24JAN2015.shp,HawkesBay,CliftonHaumoana,False,3,3,0,missing Total_UNCY
Z:\MaxarImagery\HighFreq\HawkesBay\CliftonHaumoana\Shorelines\CliftonHaumoana_25OCT2009.shp,HawkesBay,CliftonHaumoana,False,3,3,0,missing Total_UNCY
Z:\MaxarImagery\HighFreq\HawkesBay\CliftonHaumoana\Shorelines\CliftonHaumoana_26MAR2020.shp,HawkesBay,CliftonHaumoana,False,2,2,0,missing Total_UNCY
Z:\MaxarImagery\HighFreq\HawkesBay\Mahanga\Shorelines\Mahanga_03NOV2013.shp,HawkesBay,Mahanga,False,3,3,0,missing Total_UNCY
Z:\MaxarImagery\HighFreq\HawkesBay\Mahanga\Shorelines\Mahanga_08NOV2019.shp,HawkesBay,Mahanga,False,3,3,0,missing Total_UNCY
Z:\MaxarImagery\HighFreq\HawkesBay\Mahanga\Shorelines\Mahanga_12MAR2018.shp,HawkesBay,Mahanga,False,3,3,0,missing Total_UNCY
Z:\MaxarImagery\HighFreq\HawkesBay\Mahanga\Shorelines\Mahanga_25DEC2015.shp,HawkesBay,Mahanga,False,2,2,0,missing Total_UNCY
Z:\MaxarImagery\HighFreq\HawkesBay\Mahanga\Shorelines\Mahanga_29JAN2011.shp,HawkesBay,Mahanga,False,3,3,0,missing Total_UNCY
Z:\MaxarImagery\HighFreq\HawkesBay\Mahanga\Shorelines\Mahanga_31AUG2005.shp,HawkesBay,Mahanga,False,2,2,0,missing Total_UNCY
Z:\MaxarImagery\HighFreq\HawkesBay\TableCape\Shorelines\TableCape_12FEB2011.shp,HawkesBay,TableCape,False,1,1,0,missing Total_UNCY
Z:\MaxarImagery\HighFreq\HawkesBay\TableCape\Shorelines\TableCape_25DEC2015.shp,HawkesBay,TableCape,False,1,1,0,missing Total_UNCY
Z:\Retrolens\HawkesBay\TableCape\Shorelines\TableCape_05FEB2019_HBY19Ra.shp,HawkesBay,TableCape,False,1,1,0,missing Total_UNCY
Z:\Retrolens\HawkesBay\TableCape\Shorelines\TableCape_10OCT1973.shp,HawkesBay,TableCape,False,1,1,0,missing Total_UNCY
Z:\Retrolens\HawkesBay\TableCape\Shorelines\TableCape_16JAN2003.shp,HawkesBay,TableCape,False,2,2,0,missing Total_UNCY
Z:\Retrolens\HawkesBay\TableCape\Shorelines\TableCape_18SEP1981.shp,HawkesBay,TableCape,False,2,2,0,missing Total_UNCY
Z:\Retrolens\HawkesBay\TableCape\Shorelines\TableCape_21FEB2023.shp,HawkesBay,TableCape,False,1,1,0,missing Total_UNCY
Z:\Retrolens\HawkesBay\TableCape\Shorelines\TableCape_25JAN2023.shp,HawkesBay,TableCape,False,12,12,0,missing Total_UNCY
Z:\Retrolens\HawkesBay\TableCape\Shorelines\TableCape_27JUN1938.shp,HawkesBay,TableCape,False,1,1,0,missing Total_UNCY
Z:\Retrolens\HawkesBay\Waimarama\Shorelines\Waimarama_06MAR2019.shp,HawkesBay,Waimarama,False,2,2,0,missing Total_UNCY
Z:\Retrolens\HawkesBay\Waimarama\Shorelines\Waimarama_09DEC1972.shp,HawkesBay,Waimarama,False,2,2,0,missing Total_UNCY
Z:\Retrolens\HawkesBay\Waimarama\Shorelines\Waimarama_15AUG1963.shp,HawkesBay,Waimarama,False,4,4,0,missing Total_UNCY
Z:\Retrolens\HawkesBay\Waimarama\Shorelines\Waimarama_17DEC1996.shp,HawkesBay,Waimarama,False,2,2,0,missing Total_UNCY
Z:\Retrolens\HawkesBay\Waimarama\Shorelines\Waimarama_18SEP1951.shp,HawkesBay,Waimarama,False,4,4,0,missing Total_UNCY
Z:\Retrolens\HawkesBay\Waimarama\Shorelines\Waimarama_23SEP1980.shp,HawkesBay,Waimarama,False,2,2,0,missing Total_UNCY
Z:\Retrolens\HawkesBay\Waimarama\Shorelines\Waimarama_31MAR1952.shp,HawkesBay,Waimarama,False,1,1,0,missing Total_UNCY
Z:\MaxarImagery\HighFreq\Manawatu-Whanganui\WhanganuiSouth\Shorelines\WhanganuiSouth_04MAR2018.shp,Manawatu-Whanganui,WhanganuiSouth,False,1,1,0,missing Total_UNCY
Z:\MaxarImagery\HighFreq\Manawatu-Whanganui\WhanganuiSouth\Shorelines\WhanganuiSouth_06JUNE2013.shp,Manawatu-Whanganui,WhanganuiSouth,False,1,1,0,missing Total_UNCY
Z:\MaxarImagery\HighFreq\Manawatu-Whanganui\WhanganuiSouth\Shorelines\WhanganuiSouth_08DEC2010.shp,Manawatu-Whanganui,WhanganuiSouth,False,2,2,0,missing Total_UNCY
Z:\MaxarImagery\HighFreq\Manawatu-Whanganui\WhanganuiSouth\Shorelines\WhanganuiSouth_11APR2020.shp,Manawatu-Whanganui,WhanganuiSouth,False,1,1,0,missing Total_UNCY
Z:\MaxarImagery\HighFreq\Manawatu-Whanganui\WhanganuiSouth\Shorelines\WhanganuiSouth_14APR2006.shp,Manawatu-Whanganui,WhanganuiSouth,False,1,1,0,missing Total_UNCY
Z:\MaxarImagery\HighFreq\Nelson\Nelson\Shorelines\Nelson_04DEC2009.shp,Nelson,Nelson,False,15,15,0,missing Total_UNCY
Z:\MaxarImagery\HighFreq\Nelson\Nelson\Shorelines\Nelson_06MAR2003.shp,Nelson,Nelson,False,11,11,0,missing Total_UNCY
Z:\MaxarImagery\HighFreq\Nelson\Nelson\Shorelines\Nelson_07FEB2019.shp,Nelson,Nelson,False,13,13,0,missing Total_UNCY
Z:\MaxarImagery\HighFreq\Nelson\Nelson\Shorelines\Nelson_08FEB2016.shp,Nelson,Nelson,False,9,9,0,missing Total_UNCY
Z:\MaxarImagery\HighFreq\Nelson\Nelson\Shorelines\Nelson_13DEC2013.shp,Nelson,Nelson,False,18,18,0,missing Total_UNCY
Z:\MaxarImagery\HighFreq\Nelson\Nelson\Shorelines\Nelson_14DEC2006.shp,Nelson,Nelson,False,12,12,0,missing Total_UNCY
Z:\MaxarImagery\HighFreq\Nelson\Nelson\Shorelines\Nelson_18MAR2021.shp,Nelson,Nelson,False,11,11,0,missing Total_UNCY
Z:\MaxarImagery\HighFreq\Nelson\Nelson\Shorelines\Nelson_22NOV2017.shp,Nelson,Nelson,False,8,8,0,missing Total_UNCY
Z:\MaxarImagery\HighFreq\Nelson\Nelson\Shorelines\Nelson_25NOV2011.shp,Nelson,Nelson,False,13,13,0,missing Total_UNCY
Z:\Retrolens\Nelson\Nelson\Shorelines\Nelson_01FEB1960_mosaic.shp,Nelson,Nelson,False,8,8,0,missing Total_UNCY
Z:\Retrolens\Nelson\Nelson\Shorelines\Nelson_05DEC1983_mosaic.shp,Nelson,Nelson,False,11,11,0,missing Total_UNCY
Z:\Retrolens\Nelson\Nelson\Shorelines\Nelson_06FEB1967_mosaic.shp,Nelson,Nelson,False,5,5,0,missing Total_UNCY
Z:\Retrolens\Nelson\Nelson\Shorelines\Nelson_11JAN1981_mosaic.shp,Nelson,Nelson,False,8,8,0,missing Total_UNCY
Z:\Retrolens\Nelson\Nelson\Shorelines\Nelson_13JAN2000_mosaic.shp,Nelson,Nelson,False,6,6,0,missing Total_UNCY
Z:\Retrolens\Nelson\Nelson\Shorelines\Nelson_13SEP1985_mosaic.shp,Nelson,Nelson,False,9,9,0,missing Total_UNCY
Z:\Retrolens\Nelson\Nelson\Shorelines\Nelson_14MAR1948_mosaic.shp,Nelson,Nelson,False,9,9,0,missing Total_UNCY
Z:\Retrolens\Nelson\Nelson\Shorelines\Nelson_16JAN2019.shp,Nelson,Nelson,False,7,7,0,missing Total_UNCY
Z:\Retrolens\Nelson\Nelson\Shorelines\Nelson_22SEP1969_mosaic.shp,Nelson,Nelson,False,6,6,0,missing Total_UNCY
Z:\Retrolens\Northland\FrenchmansBay\Shorelines\FrenchmansBay_02SEP1982.shp,Northland,FrenchmansBay,True,10,10,0,missing Total_UNCY
Z:\Retrolens\Northland\FrenchmansBay\Shorelines\FrenchmansBay_16DEC1976.shp,Northland,FrenchmansBay,True,15,15,0,missing Total_UNCY
Z:\Retrolens\Northland\FrenchmansBay\Shorelines\FrenchmansBay_17JUN1966.shp,Northland,FrenchmansBay,True,9,9,0,missing Total_UNCY
Z:\Retrolens\Northland\FrenchmansBay\Shorelines\FrenchmansBay_24OCT1953.shp,Northland,FrenchmansBay,True,6,6,0,missing Total_UNCY
Z:\Retrolens\Northland\FrenchmansBay\Shorelines\FrenchmansBay_29FEB1992.shp,Northland,FrenchmansBay,True,9,9,0,missing Total_UNCY
Z:\MaxarImagery\HighFreq\Northland\MarsdenPoint\Shorelines\MarsdenPoint_01JAN2020.shp,Northland,MarsdenPoint,False,4,4,0,missing Total_UNCY
Z:\MaxarImagery\HighFreq\Northland\MarsdenPoint\Shorelines\MarsdenPoint_01MAR2017.shp,Northland,MarsdenPoint,False,2,2,0,missing Total_UNCY
Z:\MaxarImagery\HighFreq\Northland\MarsdenPoint\Shorelines\MarsdenPoint_03MAY2021.shp,Northland,MarsdenPoint,False,3,3,0,missing Total_UNCY
Z:\MaxarImagery\HighFreq\Northland\MarsdenPoint\Shorelines\MarsdenPoint_14JUN2024.shp,Northland,MarsdenPoint,True,1,1,0,missing Total_UNCY
Z:\MaxarImagery\HighFreq\Northland\MarsdenPoint\Shorelines\MarsdenPoint_14NOV2011.shp,Northland,MarsdenPoint,False,2,2,0,missing Total_UNCY
Z:\MaxarImagery\HighFreq\Northland\MarsdenPoint\Shorelines\MarsdenPoint_15FEB2018.shp,Northland,MarsdenPoint,False,2,2,0,missing Total_UNCY
Z:\MaxarImagery\HighFreq\Northland\MarsdenPoint\Shorelines\MarsdenPoint_15OCT2023.shp,Northland,MarsdenPoint,True,3,3,0,missing Total_UNCY
Z:\MaxarImagery\HighFreq\Northland\MarsdenPoint\Shorelines\MarsdenPoint_19APR2007.shp,Northland,MarsdenPoint,False,2,2,0,missing Total_UNCY
Z:\MaxarImagery\HighFreq\Northland\MarsdenPoint\Shorelines\MarsdenPoint_20JAN2010.shp,Northland,MarsdenPoint,False,2,2,0,missing Total_UNCY
Z:\MaxarImagery\HighFreq\Northland\MarsdenPoint\Shorelines\MarsdenPoint_22FEB2022.shp,Northland,MarsdenPoint,True,8,8,0,missing Total_UNCY
Z:\MaxarImagery\HighFreq\Northland\MarsdenPoint\Shorelines\MarsdenPoint_23APR2014.shp,Northland,MarsdenPoint,False,2,2,0,missing Total_UNCY
Z:\MaxarImagery\HighFreq\Northland\MarsdenPoint\Shorelines\MarsdenPoint_23AUG2019.shp,Northland,MarsdenPoint,True,2,2,0,missing Total_UNCY
Z:\MaxarImagery\HighFreq\Northland\MarsdenPoint\Shorelines\MarsdenPoint_26DEC2015.shp,Northland,MarsdenPoint,False,2,2,0,missing Total_UNCY
Z:\Retrolens\Northland\MarsdenPoint\Shorelines\MarsdenPoint_06APR2016.shp,Northland,MarsdenPoint,False,2,2,0,missing Total_UNCY
Z:\Retrolens\Northland\MarsdenPoint\Shorelines\MarsdenPoint_06MAR2016.shp,Northland,MarsdenPoint,False,2,2,0,missing Total_UNCY
Z:\Retrolens\Northland\MarsdenPoint\Shorelines\MarsdenPoint_10JAN1979.shp,Northland,MarsdenPoint,False,1,1,0,missing Total_UNCY
Z:\Retrolens\Northland\MarsdenPoint\Shorelines\MarsdenPoint_11MAY1968.shp,Northland,MarsdenPoint,False,1,1,0,missing Total_UNCY
Z:\Retrolens\Northland\MarsdenPoint\Shorelines\MarsdenPoint_11OCT1963.shp,Northland,MarsdenPoint,False,2,2,0,missing Total_UNCY
Z:\Retrolens\Northland\MarsdenPoint\Shorelines\MarsdenPoint_12DEC1985.shp,Northland,MarsdenPoint,False,2,2,0,missing Total_UNCY
Z:\Retrolens\Northland\MarsdenPoint\Shorelines\MarsdenPoint_13MAR1950.shp,Northland,MarsdenPoint,False,1,1,0,missing Total_UNCY
Z:\Retrolens\Northland\MarsdenPoint\Shorelines\MarsdenPoint_17AUG2023.shp,Northland,MarsdenPoint,False,14,14,0,missing Total_UNCY
Z:\Retrolens\Northland\MarsdenPoint\Shorelines\MarsdenPoint_17JUN1966.shp,Northland,MarsdenPoint,False,1,1,0,missing Total_UNCY
Z:\Retrolens\Northland\MarsdenPoint\Shorelines\MarsdenPoint_18FEB2023.shp,Northland,MarsdenPoint,False,3,3,0,missing Total_UNCY
Z:\Retrolens\Northland\MarsdenPoint\Shorelines\MarsdenPoint_18JAN2016.shp,Northland,MarsdenPoint,False,2,2,0,missing Total_UNCY
Z:\Retrolens\Northland\MarsdenPoint\Shorelines\MarsdenPoint_20FEB1984.shp,Northland,MarsdenPoint,False,1,1,0,missing Total_UNCY
Z:\Retrolens\Northland\MarsdenPoint\Shorelines\MarsdenPoint_27DEC2022.shp,Northland,MarsdenPoint,False,15,15,0,missing Total_UNCY
Z:\Retrolens\Northland\MarsdenPoint\Shorelines\MarsdenPoint_28MAY1942.shp,Northland,MarsdenPoint,False,1,1,0,missing Total_UNCY
Z:\MaxarImagery\HighFreq\Northland\MataiBay\Shorelines\MataiBay_03APR2003.shp,Northland,MataiBay,False,5,5,0,missing Total_UNCY
Z:\MaxarImagery\HighFreq\Northland\MataiBay\Shorelines\MataiBay_03DEC2017.shp,Northland,MataiBay,False,6,6,0,missing Total_UNCY
Z:\MaxarImagery\HighFreq\Northland\MataiBay\Shorelines\MataiBay_05FEB2017.shp,Northland,MataiBay,False,8,8,0,missing Total_UNCY
Z:\MaxarImagery\HighFreq\Northland\MataiBay\Shorelines\MataiBay_06APR2016.shp,Northland,MataiBay,False,4,4,0,missing Total_UNCY
Z:\MaxarImagery\HighFreq\Northland\MataiBay\Shorelines\MataiBay_11OCT2014.shp,Northland,MataiBay,False,5,5,0,missing Total_UNCY
Z:\MaxarImagery\HighFreq\Northland\MataiBay\Shorelines\MataiBay_13FEB2019.shp,Northland,MataiBay,False,5,5,0,missing Total_UNCY
Z:\MaxarImagery\HighFreq\Northland\MataiBay\Shorelines\MataiBay_13SEP2012.shp,Northland,MataiBay,False,5,5,0,missing Total_UNCY
Z:\MaxarImagery\HighFreq\Northland\MataiBay\Shorelines\MataiBay_15SEP2009.shp,Northland,MataiBay,False,4,4,0,missing Total_UNCY
Z:\MaxarImagery\HighFreq\Northland\MataiBay\Shorelines\MataiBay_25FEB2020.shp,Northland,MataiBay,False,4,4,0,missing Total_UNCY
Z:\MaxarImagery\HighFreq\Northland\MataiBay\Shorelines\MataiBay_26APR2011.shp,Northland,MataiBay,False,5,5,0,missing Total_UNCY
Z:\MaxarImagery\HighFreq\Northland\MataiBay\Shorelines\MataiBay_29DEC2015.shp,Northland,MataiBay,False,5,5,0,missing Total_UNCY
Z:\Retrolens\Northland\MataiBay\Shorelines\MataiBay_11FEB1971.shp,Northland,MataiBay,False,11,11,0,missing Total_UNCY
Z:\Retrolens\Northland\MataiBay\Shorelines\MataiBay_14AUG1944.shp,Northland,MataiBay,False,3,3,0,missing Total_UNCY
Z:\Retrolens\Northland\MataiBay\Shorelines\MataiBay_20FEB1984.shp,Northland,MataiBay,False,15,15,0,missing Total_UNCY
Z:\Retrolens\Northland\MataiBay\Shorelines\MataiBay_22NOV1976.shp,Northland,MataiBay,False,17,17,0,missing Total_UNCY
Z:\Retrolens\Northland\MataiBay\Shorelines\MataiBay_23MAY2023.shp,Northland,MataiBay,False,4,4,0,missing Total_UNCY
Z:\Retrolens\Northland\MataiBay\Shorelines\MataiBay_25MAR2023.shp,Northland,MataiBay,False,8,8,0,missing Total_UNCY
Z:\Retrolens\Northland\MataiBay\Shorelines\MataiBay_30AUG2022.shp,Northland,MataiBay,False,11,11,0,missing Total_UNCY
Z:\Retrolens\Northland\MataiBay\Shorelines\MataiBay_30MAR2016.shp,Northland,MataiBay,False,16,16,0,missing Total_UNCY
Z:\MaxarImagery\HighFreq\Northland\Mimiwhangata\Shorelines\Mimiwhangata_04JUN2008.shp,Northland,Mimiwhangata,False,7,7,0,missing Total_UNCY
Z:\MaxarImagery\HighFreq\Northland\Mimiwhangata\Shorelines\Mimiwhangata_04NOV2019.shp,Northland,Mimiwhangata,False,9,9,0,missing Total_UNCY
Z:\MaxarImagery\HighFreq\Northland\Mimiwhangata\Shorelines\Mimiwhangata_11DEC2013.shp,Northland,Mimiwhangata,False,10,10,0,missing Total_UNCY
Z:\MaxarImagery\HighFreq\Northland\Mimiwhangata\Shorelines\Mimiwhangata_14NOV2011.shp,Northland,Mimiwhangata,False,7,7,0,missing Total_UNCY
Z:\MaxarImagery\HighFreq\Northland\Mimiwhangata\Shorelines\Mimiwhangata_23OCT2018.shp,Northland,Mimiwhangata,False,12,12,0,missing Total_UNCY
Z:\MaxarImagery\HighFreq\Northland\Mimiwhangata\Shorelines\Mimiwhangata_24MAR2010.shp,Northland,Mimiwhangata,False,8,8,0,missing Total_UNCY
Z:\MaxarImagery\HighFreq\Northland\Mimiwhangata\Shorelines\Mimiwhangata_26DEC2015.shp,Northland,Mimiwhangata,False,13,13,0,missing Total_UNCY
Z:\MaxarImagery\HighFreq\Northland\Mimiwhangata\Shorelines\Mimiwhangata_28AUG2006.shp,Northland,Mimiwhangata,False,10,10,0,missing Total_UNCY
Z:\Retrolens\Northland\Mimiwhangata\Shorelines\Mimiwhangata_09NOV2014.shp,Northland,Mimiwhangata,False,10,10,0,missing Total_UNCY
Z:\Retrolens\Northland\Mimiwhangata\Shorelines\Mimiwhangata_10JAN2022.shp,Northland,Mimiwhangata,False,9,9,0,missing Total_UNCY
Z:\Retrolens\Northland\Mimiwhangata\Shorelines\Mimiwhangata_11MAY1968.shp,Northland,Mimiwhangata,False,7,7,0,missing Total_UNCY
Z:\Retrolens\Northland\Mimiwhangata\Shorelines\Mimiwhangata_12JAN1950.shp,Northland,Mimiwhangata,False,1,1,0,missing Total_UNCY
Z:\Retrolens\Northland\Mimiwhangata\Shorelines\Mimiwhangata_17MAR1961.shp,Northland,Mimiwhangata,False,2,2,0,missing Total_UNCY
Z:\Retrolens\Northland\Mimiwhangata\Shorelines\Mimiwhangata_17OCT1978.shp,Northland,Mimiwhangata,False,8,8,0,missing Total_UNCY
Z:\Retrolens\Northland\Mimiwhangata\Shorelines\Mimiwhangata_18FEB2023.shp,Northland,Mimiwhangata,False,8,8,0,missing Total_UNCY
Z:\Retrolens\Northland\Mimiwhangata\Shorelines\Mimiwhangata_20FEB1984.shp,Northland,Mimiwhangata,False,6,6,0,missing Total_UNCY
Z:\Retrolens\Northland\Mimiwhangata\Shorelines\Mimiwhangata_27DEC2022.shp,Northland,Mimiwhangata,False,10,10,0,missing Total_UNCY
Z:\Retrolens\Northland\Mimiwhangata\Shorelines\Mimiwhangata_30APR1942.shp,Northland,Mimiwhangata,False,5,5,0,missing Total_UNCY
Z:\MaxarImagery\HighFreq\Northland\Pataua\Shorelines\Pataua_04FEB2010.shp,Northland,Pataua,False,3,3,0,missing Total_UNCY
Z:\MaxarImagery\HighFreq\Northland\Pataua\Shorelines\Pataua_05JAN2012.shp,Northland,Pataua,False,6,6,0,missing Total_UNCY
Z:\MaxarImagery\HighFreq\Northland\Pataua\Shorelines\Pataua_17MAY2006.shp,Northland,Pataua,False,7,7,0,missing Total_UNCY
Z:\MaxarImagery\HighFreq\Northland\Pataua\Shorelines\Pataua_28JUL2017.shp,Northland,Pataua,False,5,5,0,missing Total_UNCY
Z:\MaxarImagery\HighFreq\Northland\Pataua\Shorelines\Pataua_29DEC2019.shp,Northland,Pataua,False,5,5,0,missing Total_UNCY
Z:\MaxarImagery\HighFreq\Northland\Pataua\Shorelines\Pataua_29SEP2015.shp,Northland,Pataua,False,7,7,0,missing Total_UNCY
Z:\Retrolens\Northland\Pataua\Shorelines\Pataua_07APR2022.shp,Northland,Pataua,False,3,3,0,missing Total_UNCY
Z:\Retrolens\Northland\Pataua\Shorelines\Pataua_07MAY2016.shp,Northland,Pataua,False,31,31,0,missing Total_UNCY
Z:\Retrolens\Northland\Pataua\Shorelines\Pataua_17MAR1961.shp,Northland,Pataua,False,11,11,0,missing Total_UNCY
Z:\Retrolens\Northland\Pataua\Shorelines\Pataua_19MAY1942.shp,Northland,Pataua,False,14,14,0,missing Total_UNCY
Z:\Retrolens\Northland\Pataua\Shorelines\Pataua_20FEB1984.shp,Northland,Pataua,False,12,12,0,missing Total_UNCY
Z:\Retrolens\Northland\Pataua\Shorelines\Pataua_25MAR2023.shp,Northland,Pataua,False,7,7,0,missing Total_UNCY
Z:\Retrolens\Northland\Pataua\Shorelines\Pataua_29JAN1969.shp,Northland,Pataua,False,15,15,0,missing Total_UNCY
Z:\Retrolens\Northland\Pouto\Shorelines\Pouto_02MAY1996.shp,Northland,Pouto,True,4,4,0,missing Total_UNCY
Z:\Retrolens\Northland\Pouto\Shorelines\Pouto_02SEP1982.shp,Northland,Pouto,True,5,5,0,missing Total_UNCY
Z:\Retrolens\Northland\Pouto\Shorelines\Pouto_04APR2023.shp,Northland,Pouto,True,5,5,0,missing Total_UNCY
Z:\Retrolens\Northland\Pouto\Shorelines\Pouto_06NOV2015.shp,Northland,Pouto,True,4,4,0,missing Total_UNCY
Z:\Retrolens\Northland\Pouto\Shorelines\Pouto_09JUN2022.shp,Northland,Pouto,True,4,4,0,missing Total_UNCY
Z:\Retrolens\Northland\Pouto\Shorelines\Pouto_12MAY1938.shp,Northland,Pouto,True,4,4,0,missing Total_UNCY
Z:\Retrolens\Northland\Pouto\Shorelines\Pouto_14OCT1966.shp,Northland,Pouto,True,7,7,0,missing Total_UNCY
Z:\Retrolens\Northland\Pouto\Shorelines\Pouto_18MAR2024.shp,Northland,Pouto,True,2,2,0,missing Total_UNCY
Z:\Retrolens\Northland\Pouto\Shorelines\Pouto_19JAN1977.shp,Northland,Pouto,True,4,4,0,missing Total_UNCY
Z:\Retrolens\Northland\Pouto\Shorelines\Pouto_27JUN2024.shp,Northland,Pouto,True,4,4,0,missing Total_UNCY
Z:\MaxarImagery\HighFreq\Northland\TaupiriBay\Shorelines\TaupiriBay_12JUN2019.shp,Northland,TaupiriBay,True,3,3,0,missing Total_UNCY
Z:\MaxarImagery\HighFreq\Northland\TaupiriBay\Shorelines\TaupiriBay_24MAY2022.shp,Northland,TaupiriBay,True,3,3,0,missing Total_UNCY
Z:\Retrolens\Northland\TaupiriBay\Shorelines\TaupiriBay_03FEB1959.shp,Northland,TaupiriBay,False,15,15,0,missing Total_UNCY
Z:\Retrolens\Northland\TaupiriBay\Shorelines\TaupiriBay_04JAN1980.shp,Northland,TaupiriBay,False,36,36,0,missing Total_UNCY
Z:\Retrolens\Northland\TaupiriBay\Shorelines\TaupiriBay_06MAY1972.shp,Northland,TaupiriBay,False,11,11,0,missing Total_UNCY
Z:\Retrolens\Northland\TaupiriBay\Shorelines\TaupiriBay_08DEC1975.shp,Northland,TaupiriBay,False,6,6,0,missing Total_UNCY
Z:\Retrolens\Northland\TaupiriBay\Shorelines\TaupiriBay_09NOV2014.shp,Northland,TaupiriBay,False,102,102,0,missing Total_UNCY
Z:\Retrolens\Northland\TaupiriBay\Shorelines\TaupiriBay_10JUN1968.shp,Northland,TaupiriBay,False,17,17,0,missing Total_UNCY
Z:\Retrolens\Northland\TaupiriBay\Shorelines\TaupiriBay_11MAY1968.shp,Northland,TaupiriBay,False,8,8,0,missing Total_UNCY
Z:\Retrolens\Northland\TaupiriBay\Shorelines\TaupiriBay_12DEC1985.shp,Northland,TaupiriBay,False,25,25,0,missing Total_UNCY
Z:\Retrolens\Northland\TaupiriBay\Shorelines\TaupiriBay_13SEP1955.shp,Northland,TaupiriBay,False,17,17,0,missing Total_UNCY
Z:\Retrolens\Northland\TaupiriBay\Shorelines\TaupiriBay_22AUG1971.shp,Northland,TaupiriBay,False,3,3,0,missing Total_UNCY
Z:\Retrolens\Northland\TaupiriBay\Shorelines\TaupiriBay_23AUG1971.shp,Northland,TaupiriBay,False,10,10,0,missing Total_UNCY
Z:\Retrolens\Northland\TaupiriBay\Shorelines\TaupiriBay_23OCT1953.shp,Northland,TaupiriBay,False,7,7,0,missing Total_UNCY
Z:\Retrolens\Northland\TaupiriBay\Shorelines\TaupiriBay_24MAR2023.shp,Northland,TaupiriBay,False,22,22,0,missing Total_UNCY
Z:\Retrolens\Northland\TaupiriBay\Shorelines\TaupiriBay_27DEC2022.shp,Northland,TaupiriBay,False,18,18,0,missing Total_UNCY
Z:\Retrolens\Northland\TaupiriBay\Shorelines\TaupiriBay_29MAR1951.shp,Northland,TaupiriBay,False,23,23,0,missing Total_UNCY
Z:\Retrolens\Northland\Tinopai\Shorelines\Tinopai_02SEP1987.shp,Northland,Tinopai,True,10,10,0,missing Total_UNCY
Z:\Retrolens\Northland\Tinopai\Shorelines\Tinopai_03DEC1995.shp,Northland,Tinopai,True,16,16,0,missing Total_UNCY
Z:\Retrolens\Northland\Tinopai\Shorelines\Tinopai_16DEC1976.shp,Northland,Tinopai,True,14,14,0,missing Total_UNCY
Z:\Retrolens\Northland\Tinopai\Shorelines\Tinopai_17JUN1966.shp,Northland,Tinopai,True,12,12,0,missing Total_UNCY
Z:\Retrolens\Northland\Tinopai\Shorelines\Tinopai_18MAR2024.shp,Northland,Tinopai,True,14,14,0,missing Total_UNCY
Z:\Retrolens\Northland\Tinopai\Shorelines\Tinopai_20JUL2019.shp,Northland,Tinopai,True,13,13,0,missing Total_UNCY
Z:\Retrolens\Northland\Tinopai\Shorelines\Tinopai_24MAR2023.shp,Northland,Tinopai,True,12,12,0,missing Total_UNCY
Z:\Retrolens\Northland\Tinopai\Shorelines\Tinopai_24OCT1953.shp,Northland,Tinopai,True,15,15,0,missing Total_UNCY
Z:\MaxarImagery\HighFreq\Northland\Waipu\Shorelines\Waipu_14JUN2024.shp,Northland,Waipu,True,11,11,0,missing Total_UNCY
Z:\MaxarImagery\HighFreq\Northland\Waipu\Shorelines\Waipu_15OCT2023.shp,Northland,Waipu,True,6,6,0,missing Total_UNCY
Z:\MaxarImagery\HighFreq\Northland\Waipu\Shorelines\Waipu_22FEB2022.shp,Northland,Waipu,True,6,6,0,missing Total_UNCY
Z:\MaxarImagery\HighFreq\Northland\Waipu\Shorelines\Waipu_23AUG2019.shp,Northland,Waipu,True,5,5,0,missing Total_UNCY
Z:\Retrolens\Northland\Waipu\Shorelines\Waipu_10JAN1979.shp,Northland,Waipu,False,2,2,0,missing Total_UNCY
Z:\Retrolens\Northland\Waipu\Shorelines\Waipu_10JAN1983.shp,Northland,Waipu,False,3,3,0,missing Total_UNCY
Z:\Retrolens\Northland\Waipu\Shorelines\Waipu_10NOV2015.shp,Northland,Waipu,False,9,9,0,missing Total_UNCY
Z:\Retrolens\Northland\Waipu\Shorelines\Waipu_12MAR1995.shp,Northland,Waipu,False,3,3,0,missing Total_UNCY
Z:\Retrolens\Northland\Waipu\Shorelines\Waipu_15JAN1977.shp,Northland,Waipu,False,3,3,0,missing Total_UNCY
Z:\Retrolens\Northland\Waipu\Shorelines\Waipu_17JUN1966.shp,Northland,Waipu,False,2,2,0,missing Total_UNCY
Z:\Retrolens\Northland\Waipu\Shorelines\Waipu_18FEB2023.shp,Northland,Waipu,False,3,3,0,missing Total_UNCY
Z:\Retrolens\Northland\Waipu\Shorelines\Waipu_20MAY1963.shp,Northland,Waipu,False,5,5,0,missing Total_UNCY
Z:\Retrolens\Northland\Waipu\Shorelines\Waipu_21NOV1986.shp,Northland,Waipu,False,2,2,0,missing Total_UNCY
Z:\Retrolens\Northland\Waipu\Shorelines\Waipu_27DEC2022.shp,Northland,Waipu,False,13,13,0,missing Total_UNCY
Z:\Retrolens\Northland\Waipu\Shorelines\Waipu_29JUN2021.shp,Northland,Waipu,False,5,5,0,missing Total_UNCY
Z:\MaxarImagery\HighFreq\Otago\AllansBeach\Shorelines\AllansBeach_04APR2021.shp,Otago,AllansBeach,False,8,8,0,missing Total_UNCY
Z:\MaxarImagery\HighFreq\Otago\AllansBeach\Shorelines\AllansBeach_07NOV2012.shp,Otago,AllansBeach,False,8,8,0,missing Total_UNCY
Z:\MaxarImagery\HighFreq\Otago\AllansBeach\Shorelines\AllansBeach_10SEP2009.shp,Otago,AllansBeach,False,8,8,0,missing Total_UNCY
Z:\MaxarImagery\HighFreq\Otago\AllansBeach\Shorelines\AllansBeach_13JAN2005.shp,Otago,AllansBeach,False,9,9,0,missing Total_UNCY
Z:\MaxarImagery\HighFreq\Otago\AllansBeach\Shorelines\AllansBeach_14MAR2015.shp,Otago,AllansBeach,False,9,9,0,missing Total_UNCY
Z:\MaxarImagery\HighFreq\Otago\AllansBeach\Shorelines\AllansBeach_15SEP2017.shp,Otago,AllansBeach,False,10,10,0,missing Total_UNCY
Z:\MaxarImagery\HighFreq\Otago\AllansBeach\Shorelines\AllansBeach_30SEP2010.shp,Otago,AllansBeach,False,8,8,0,missing Total_UNCY
Z:\Retrolens\Otago\AllansBeach\Shorelines\AllansBeach_07MAR1975_mosaic.shp,Otago,AllansBeach,False,5,5,0,missing Total_UNCY
Z:\Retrolens\Otago\AllansBeach\Shorelines\AllansBeach_09MAR1982_mosaic.shp,Otago,AllansBeach,False,5,5,0,missing Total_UNCY
Z:\Retrolens\Otago\AllansBeach\Shorelines\AllansBeach_15OCT1942_mosaic.shp,Otago,AllansBeach,False,6,6,0,missing Total_UNCY
Z:\Retrolens\Otago\AllansBeach\Shorelines\AllansBeach_16FEB1985_mosaic.shp,Otago,AllansBeach,False,5,5,0,missing Total_UNCY
Z:\Retrolens\Otago\AllansBeach\Shorelines\AllansBeach_17MAR2000_mosaic.shp,Otago,AllansBeach,False,5,5,0,missing Total_UNCY
Z:\Retrolens\Otago\AllansBeach\Shorelines\AllansBeach_18FEB1970_mosaic.shp,Otago,AllansBeach,False,5,5,0,missing Total_UNCY
Z:\Retrolens\Otago\AllansBeach\Shorelines\AllansBeach_20FEB1967_mosaic.shp,Otago,AllansBeach,False,5,5,0,missing Total_UNCY
Z:\Retrolens\Otago\AllansBeach\Shorelines\AllansBeach_24FEB1958_mosaic.shp,Otago,AllansBeach,False,5,5,0,missing Total_UNCY
Z:\Retrolens\Otago\AllansBeach\Shorelines\AllansBeach_29JAN2019_mosaic.shp,Otago,AllansBeach,False,5,5,0,missing Total_UNCY
Z:\Retrolens\Otago\AllansBeach\Shorelines\AllansBeach_30MAR2006.shp,Otago,AllansBeach,False,5,5,0,missing Total_UNCY
Z:\MaxarImagery\HighFreq\Otago\Aramoana\Shorelines\Aramoana_20MAR2014.shp,Otago,Aramoana,False,10,10,0,missing Total_UNCY
Z:\MaxarImagery\HighFreq\Otago\Aramoana\Shorelines\Aramoana_21OCT2016.shp,Otago,Aramoana,False,10,10,0,missing Total_UNCY
Z:\MaxarImagery\HighFreq\Otago\Aramoana\Shorelines\Aramoana_23AUG2007.shp,Otago,Aramoana,False,9,9,0,missing Total_UNCY
Z:\MaxarImagery\HighFreq\Otago\Aramoana\Shorelines\Aramoana_29APR2011.shp,Otago,Aramoana,False,8,8,0,missing Total_UNCY
Z:\MaxarImagery\HighFreq\Otago\Aramoana\Shorelines\Aramoana_29JUNE2004.shp,Otago,Aramoana,False,8,8,0,missing Total_UNCY
Z:\Retrolens\Otago\Aramoana\Shorelines\Aramoana_01APR2006.shp,Otago,Aramoana,False,8,8,0,missing Total_UNCY
Z:\Retrolens\Otago\Aramoana\Shorelines\Aramoana_07MAR1975.shp,Otago,Aramoana,False,10,10,0,missing Total_UNCY
Z:\Retrolens\Otago\Aramoana\Shorelines\Aramoana_08JULY2019.shp,Otago,Aramoana,False,11,11,0,missing Total_UNCY
Z:\Retrolens\Otago\Aramoana\Shorelines\Aramoana_08MAR1956.shp,Otago,Aramoana,False,10,10,0,missing Total_UNCY
Z:\Retrolens\Otago\Aramoana\Shorelines\Aramoana_16FEB1985.shp,Otago,Aramoana,False,10,10,0,missing Total_UNCY
Z:\Retrolens\Otago\Aramoana\Shorelines\Aramoana_17MAR2000.shp,Otago,Aramoana,False,8,8,0,missing Total_UNCY
Z:\Retrolens\Otago\Aramoana\Shorelines\Aramoana_20FEB1967.shp,Otago,Aramoana,False,9,9,0,missing Total_UNCY
Z:\MaxarImagery\HighFreq\Otago\StKilda_Tomahawk_SmaillsBeach\Shorelines\StKilda_Tomahawk_SmaillsBeach_02NOV2019.shp,Otago,StKilda_Tomahawk_SmaillsBeach,True,4,4,0,missing Total_UNCY
Z:\MaxarImagery\HighFreq\Otago\StKilda_Tomahawk_SmaillsBeach\Shorelines\StKilda_Tomahawk_SmaillsBeach_04FEB2024.shp,Otago,StKilda_Tomahawk_SmaillsBeach,True,3,3,0,missing Total_UNCY
Z:\MaxarImagery\HighFreq\Otago\StKilda_Tomahawk_SmaillsBeach\Shorelines\StKilda_Tomahawk_SmaillsBeach_05FEB2021.shp,Otago,StKilda_Tomahawk_SmaillsBeach,False,12,12,0,missing Total_UNCY
Z:\MaxarImagery\HighFreq\Otago\StKilda_Tomahawk_SmaillsBeach\Shorelines\StKilda_Tomahawk_SmaillsBeach_08DEC2022.shp,Otago,StKilda_Tomahawk_SmaillsBeach,True,3,3,0,missing Total_UNCY
Z:\MaxarImagery\HighFreq\Otago\StKilda_Tomahawk_SmaillsBeach\Shorelines\StKilda_Tomahawk_SmaillsBeach_10FEB2020.shp,Otago,StKilda_Tomahawk_SmaillsBeach,True,5,5,0,missing Total_UNCY
Z:\MaxarImagery\HighFreq\Otago\StKilda_Tomahawk_SmaillsBeach\Shorelines\StKilda_Tomahawk_SmaillsBeach_13JAN2005.shp,Otago,StKilda_Tomahawk_SmaillsBeach,False,6,6,0,missing Total_UNCY
Z:\MaxarImagery\HighFreq\Otago\StKilda_Tomahawk_SmaillsBeach\Shorelines\StKilda_Tomahawk_SmaillsBeach_19FEB2010.shp,Otago,StKilda_Tomahawk_SmaillsBeach,False,6,6,0,missing Total_UNCY
Z:\MaxarImagery\HighFreq\Otago\StKilda_Tomahawk_SmaillsBeach\Shorelines\StKilda_Tomahawk_SmaillsBeach_21JAN2013.shp,Otago,StKilda_Tomahawk_SmaillsBeach,False,6,6,0,missing Total_UNCY
Z:\MaxarImagery\HighFreq\Otago\StKilda_Tomahawk_SmaillsBeach\Shorelines\StKilda_Tomahawk_SmaillsBeach_22OCT2023.shp,Otago,StKilda_Tomahawk_SmaillsBeach,True,3,3,0,missing Total_UNCY
Z:\MaxarImagery\HighFreq\Otago\StKilda_Tomahawk_SmaillsBeach\Shorelines\StKilda_Tomahawk_SmaillsBeach_31JAN2017.shp,Otago,StKilda_Tomahawk_SmaillsBeach,False,6,6,0,missing Total_UNCY
Z:\Retrolens\Otago\StKilda_Tomahawk_SmaillsBeach\Shorelines\StKilda_Tomahawk_SmaillsBeach_07MAR1975.shp,Otago,StKilda_Tomahawk_SmaillsBeach,False,6,6,0,missing Total_UNCY
Z:\Retrolens\Otago\StKilda_Tomahawk_SmaillsBeach\Shorelines\StKilda_Tomahawk_SmaillsBeach_16FEB1985.shp,Otago,StKilda_Tomahawk_SmaillsBeach,False,8,8,0,missing Total_UNCY
Z:\Retrolens\Otago\StKilda_Tomahawk_SmaillsBeach\Shorelines\StKilda_Tomahawk_SmaillsBeach_17MAR2000.shp,Otago,StKilda_Tomahawk_SmaillsBeach,False,6,6,0,missing Total_UNCY
Z:\Retrolens\Otago\StKilda_Tomahawk_SmaillsBeach\Shorelines\StKilda_Tomahawk_SmaillsBeach_20FEB1967.shp,Otago,StKilda_Tomahawk_SmaillsBeach,False,8,8,0,missing Total_UNCY
Z:\Retrolens\Otago\StKilda_Tomahawk_SmaillsBeach\Shorelines\StKilda_Tomahawk_SmaillsBeach_24FEB1958.shp,Otago,StKilda_Tomahawk_SmaillsBeach,False,10,10,0,missing Total_UNCY
Z:\Retrolens\Otago\StKilda_Tomahawk_SmaillsBeach\Shorelines\StKilda_Tomahawk_SmaillsBeach_29MAR1947.shp,Otago,StKilda_Tomahawk_SmaillsBeach,False,8,8,0,missing Total_UNCY
Z:\Retrolens\Otago\StKilda_Tomahawk_SmaillsBeach\Shorelines\StKilda_Tomahawk_SmaillsBeach_30MAR2006.shp,Otago,StKilda_Tomahawk_SmaillsBeach,False,6,6,0,missing Total_UNCY
Z:\MaxarImagery\HighFreq\Otago\Waikouaiti\Shorelines\Waikouaiti_03OCT2006.shp,Otago,Waikouaiti,False,4,4,0,missing Total_UNCY
Z:\MaxarImagery\HighFreq\Otago\Waikouaiti\Shorelines\Waikouaiti_06JUL2019.shp,Otago,Waikouaiti,True,1,1,0,missing Total_UNCY
Z:\MaxarImagery\HighFreq\Otago\Waikouaiti\Shorelines\Waikouaiti_07FEB2022.shp,Otago,Waikouaiti,True,1,1,0,missing Total_UNCY
Z:\MaxarImagery\HighFreq\Otago\Waikouaiti\Shorelines\Waikouaiti_15APR2023.shp,Otago,Waikouaiti,True,1,1,0,missing Total_UNCY
Z:\MaxarImagery\HighFreq\Otago\Waikouaiti\Shorelines\Waikouaiti_15SEP2017.shp,Otago,Waikouaiti,False,3,3,0,missing Total_UNCY
Z:\MaxarImagery\HighFreq\Otago\Waikouaiti\Shorelines\Waikouaiti_21MAR2021.shp,Otago,Waikouaiti,False,5,5,0,missing Total_UNCY
Z:\MaxarImagery\HighFreq\Otago\Waikouaiti\Shorelines\Waikouaiti_22JAN2015.shp,Otago,Waikouaiti,False,4,4,0,missing Total_UNCY
Z:\MaxarImagery\HighFreq\Otago\Waikouaiti\Shorelines\Waikouaiti_24APR2024.shp,Otago,Waikouaiti,True,1,1,0,missing Total_UNCY
Z:\MaxarImagery\HighFreq\Otago\Waikouaiti\Shorelines\Waikouaiti_25FEB2010.shp,Otago,Waikouaiti,False,3,3,0,missing Total_UNCY
Z:\Retrolens\Otago\Waikouaiti\Shorelines\Waikouaiti_01MAR1969.shp,Otago,Waikouaiti,False,3,3,0,missing Total_UNCY
Z:\Retrolens\Otago\Waikouaiti\Shorelines\Waikouaiti_08MAR1982.shp,Otago,Waikouaiti,False,3,3,0,missing Total_UNCY
Z:\Retrolens\Otago\Waikouaiti\Shorelines\Waikouaiti_14NOV1998.shp,Otago,Waikouaiti,False,4,4,0,missing Total_UNCY
Z:\Retrolens\Otago\Waikouaiti\Shorelines\Waikouaiti_18FEB1975.shp,Otago,Waikouaiti,False,2,2,0,missing Total_UNCY
Z:\Retrolens\Otago\Waikouaiti\Shorelines\Waikouaiti_20MAR1987.shp,Otago,Waikouaiti,False,5,5,0,missing Total_UNCY
Z:\Retrolens\Otago\Waikouaiti\Shorelines\Waikouaiti_24FEB1958.shp,Otago,Waikouaiti,False,4,4,0,missing Total_UNCY
Z:\Retrolens\Otago\Waikouaiti\Shorelines\Waikouaiti_30MAR2006.shp,Otago,Waikouaiti,False,4,4,0,missing Total_UNCY
Z:\Retrolens\Otago\Warrington\Shorelines\Warrington_07MAR1975.shp,Otago,Warrington,False,4,4,0,missing Total_UNCY
Z:\Retrolens\Otago\Warrington\Shorelines\Warrington_08MAR1956.shp,Otago,Warrington,False,4,4,0,missing Total_UNCY
Z:\Retrolens\Otago\Warrington\Shorelines\Warrington_09MAR1982.shp,Otago,Warrington,False,3,3,0,missing Total_UNCY
Z:\Retrolens\Otago\Warrington\Shorelines\Warrington_16FEB1985.shp,Otago,Warrington,False,6,6,0,missing Total_UNCY
Z:\Retrolens\Otago\Warrington\Shorelines\Warrington_16SEP2019.shp,Otago,Warrington,False,4,4,0,missing Total_UNCY
Z:\Retrolens\Otago\Warrington\Shorelines\Warrington_17MAR2000.shp,Otago,Warrington,False,3,3,0,missing Total_UNCY
Z:\Retrolens\Otago\Warrington\Shorelines\Warrington_17NOV2017.shp,Otago,Warrington,False,5,5,0,missing Total_UNCY
Z:\Retrolens\Otago\Warrington\Shorelines\Warrington_18AUG2007.shp,Otago,Warrington,False,3,3,0,missing Total_UNCY
Z:\Retrolens\Otago\Warrington\Shorelines\Warrington_20FEB1967.shp,Otago,Warrington,False,3,3,0,missing Total_UNCY
Z:\Retrolens\Otago\Warrington\Shorelines\Warrington_20MAR2014.shp,Otago,Warrington,False,4,4,0,missing Total_UNCY
Z:\Retrolens\Otago\Warrington\Shorelines\Warrington_28DEC2011.shp,Otago,Warrington,False,4,4,0,missing Total_UNCY
Z:\Retrolens\Otago\Warrington\Shorelines\Warrington_30MAR2006.shp,Otago,Warrington,False,3,3,0,missing Total_UNCY
Z:\MaxarImagery\HighFreq\Southland\Riverton\Shorelines\Riverton_13MAR2021.shp,Southland,Riverton,False,9,9,0,missing Total_UNCY
Z:\MaxarImagery\HighFreq\Southland\Riverton\Shorelines\Riverton_16JAN2010.shp,Southland,Riverton,False,8,8,0,missing Total_UNCY
Z:\MaxarImagery\HighFreq\Southland\Riverton\Shorelines\Riverton_19APR2012.shp,Southland,Riverton,False,7,7,0,missing Total_UNCY
Z:\MaxarImagery\HighFreq\Southland\Riverton\Shorelines\Riverton_24NOV2019.shp,Southland,Riverton,False,9,9,0,missing Total_UNCY
Z:\Retrolens\Southland\Riverton\Shorelines\Riverton_05FEB2014.shp,Southland,Riverton,False,8,8,0,missing Total_UNCY
Z:\Retrolens\Southland\Riverton\Shorelines\Riverton_08OCT1985.shp,Southland,Riverton,False,6,6,0,missing Total_UNCY
Z:\Retrolens\Southland\Riverton\Shorelines\Riverton_15FEB1952.shp,Southland,Riverton,False,5,5,0,missing Total_UNCY
Z:\Retrolens\Southland\Riverton\Shorelines\Riverton_19SEP2007.shp,Southland,Riverton,False,5,5,0,missing Total_UNCY
Z:\Retrolens\Southland\Riverton\Shorelines\Riverton_21FEB1967.shp,Southland,Riverton,False,6,6,0,missing Total_UNCY
Z:\Retrolens\Southland\Riverton\Shorelines\Riverton_25FEB2023.shp,Southland,Riverton,False,3,3,0,missing Total_UNCY
Z:\Retrolens\Southland\Riverton\Shorelines\Riverton_27FEB1976.shp,Southland,Riverton,False,5,5,0,missing Total_UNCY
Z:\Retrolens\Southland\Riverton\Shorelines\Riverton_30MAR2023.shp,Southland,Riverton,False,11,11,0,missing Total_UNCY
Z:\MaxarImagery\HighFreq\Tasman\Mapua\Shorelines\Mapua_06MAR2003.shp,Tasman,Mapua,False,1,1,0,missing Total_UNCY
Z:\MaxarImagery\HighFreq\Tasman\Mapua\Shorelines\Mapua_08AUG2018.shp,Tasman,Mapua,False,4,4,0,missing Total_UNCY
Z:\MaxarImagery\HighFreq\Tasman\Mapua\Shorelines\Mapua_14DEC2006.shp,Tasman,Mapua,False,1,1,0,missing Total_UNCY
Z:\MaxarImagery\HighFreq\Tasman\Mapua\Shorelines\Mapua_16JAN2022.shp,Tasman,Mapua,True,5,5,0,missing Total_UNCY
Z:\MaxarImagery\HighFreq\Tasman\Mapua\Shorelines\Mapua_17FEB2018.shp,Tasman,Mapua,False,1,1,0,missing Total_UNCY
Z:\MaxarImagery\HighFreq\Tasman\Mapua\Shorelines\Mapua_18MAR2021.shp,Tasman,Mapua,False,1,1,0,missing Total_UNCY
Z:\MaxarImagery\HighFreq\Tasman\Mapua\Shorelines\Mapua_19FEB2010.shp,Tasman,Mapua,False,9,9,0,missing Total_UNCY
Z:\MaxarImagery\HighFreq\Tasman\Mapua\Shorelines\Mapua_23DEC2014.shp,Tasman,Mapua,False,1,1,0,missing Total_UNCY
Z:\MaxarImagery\HighFreq\Tasman\Mapua\Shorelines\Mapua_24FEB2020.shp,Tasman,Mapua,False,9,9,0,missing Total_UNCY
Z:\MaxarImagery\HighFreq\Tasman\Mapua\Shorelines\Mapua_25JUN2013.shp,Tasman,Mapua,False,5,5,0,missing Total_UNCY
Z:\Retrolens\Tasman\Mapua\Shorelines\Mapua_06DEC1946.shp,Tasman,Mapua,False,5,5,0,missing Total_UNCY
Z:\Retrolens\Tasman\Mapua\Shorelines\Mapua_11JAN1981.shp,Tasman,Mapua,False,6,6,0,missing Total_UNCY
Z:\Retrolens\Tasman\Mapua\Shorelines\Mapua_13SEP1985.shp,Tasman,Mapua,False,8,8,0,missing Total_UNCY
Z:\Retrolens\Tasman\Mapua\Shorelines\Mapua_16OCT1974.shp,Tasman,Mapua,False,2,2,0,missing Total_UNCY
Z:\Retrolens\Tasman\Mapua\Shorelines\Mapua_22FEB1940.shp,Tasman,Mapua,False,6,6,0,missing Total_UNCY
Z:\Retrolens\Tasman\Mapua\Shorelines\Mapua_22SEP1969.shp,Tasman,Mapua,False,10,10,0,missing Total_UNCY
Z:\MaxarImagery\HighFreq\Tasman\TakakaRiver_North\Shorelines\TakakaRiver_North_01JUL2022.shp,Tasman,TakakaRiver_North,True,7,7,0,missing Total_UNCY
Z:\MaxarImagery\HighFreq\Tasman\TakakaRiver_North\Shorelines\TakakaRiver_North_04JAN2013.shp,Tasman,TakakaRiver_North,False,16,16,0,missing Total_UNCY
Z:\MaxarImagery\HighFreq\Tasman\TakakaRiver_North\Shorelines\TakakaRiver_North_13MAR2021.shp,Tasman,TakakaRiver_North,False,16,16,0,missing Total_UNCY
Z:\MaxarImagery\HighFreq\Tasman\TakakaRiver_North\Shorelines\TakakaRiver_North_14MAY2017.shp,Tasman,TakakaRiver_North,False,17,17,0,missing Total_UNCY
Z:\MaxarImagery\HighFreq\Tasman\TakakaRiver_North\Shorelines\TakakaRiver_North_16FEB2003.shp,Tasman,TakakaRiver_North,False,15,15,0,missing Total_UNCY
Z:\MaxarImagery\HighFreq\Tasman\TakakaRiver_North\Shorelines\TakakaRiver_North_22JAN2022.shp,Tasman,TakakaRiver_North,True,7,7,0,missing Total_UNCY
Z:\MaxarImagery\HighFreq\Tasman\TakakaRiver_North\Shorelines\TakakaRiver_North_23APR2024.shp,Tasman,TakakaRiver_North,True,8,8,0,missing Total_UNCY
Z:\MaxarImagery\HighFreq\Tasman\TakakaRiver_North\Shorelines\TakakaRiver_North_29MAR2009.shp,Tasman,TakakaRiver_North,False,14,14,0,missing Total_UNCY
Z:\Retrolens\Tasman\TakakaRiver_North\Shorelines\TakakaRiver_North_08FEB1952.shp,Tasman,TakakaRiver_North,False,9,9,0,missing Total_UNCY
Z:\Retrolens\Tasman\TakakaRiver_North\Shorelines\TakakaRiver_North_09APR1965.shp,Tasman,TakakaRiver_North,False,9,9,0,missing Total_UNCY
Z:\Retrolens\Tasman\TakakaRiver_North\Shorelines\TakakaRiver_North_11OCT1950.shp,Tasman,TakakaRiver_North,False,6,6,0,missing Total_UNCY
Z:\Retrolens\Tasman\TakakaRiver_North\Shorelines\TakakaRiver_North_17FEB1968.shp,Tasman,TakakaRiver_North,False,4,4,0,missing Total_UNCY
Z:\Retrolens\Tasman\TakakaRiver_North\Shorelines\TakakaRiver_North_21FEB2002.shp,Tasman,TakakaRiver_North,False,10,10,0,missing Total_UNCY
Z:\Retrolens\Tasman\TakakaRiver_North\Shorelines\TakakaRiver_North_27MAR1938.shp,Tasman,TakakaRiver_North,False,12,12,0,missing Total_UNCY
Z:\Retrolens\Tasman\TakakaRiver_North\Shorelines\TakakaRiver_North_29OCT1972.shp,Tasman,TakakaRiver_North,False,12,12,0,missing Total_UNCY
Z:\Retrolens\Tasman\TakakaRiver_North\Shorelines\TakakaRiver_North_31JAN1980.shp,Tasman,TakakaRiver_North,False,12,12,0,missing Total_UNCY
Z:\MaxarImagery\HighFreq\Waikato\Mokau\Shorelines\Mokau_02JULY2018.shp,Waikato,Mokau,False,9,9,0,missing Total_UNCY
Z:\MaxarImagery\HighFreq\Waikato\Mokau\Shorelines\Mokau_11JAN2013.shp,Waikato,Mokau,False,5,5,0,missing Total_UNCY
Z:\MaxarImagery\HighFreq\Waikato\Mokau\Shorelines\Mokau_13JULY2007.shp,Waikato,Mokau,False,11,11,0,missing Total_UNCY
Z:\MaxarImagery\HighFreq\Waikato\Mokau\Shorelines\Mokau_15JUNE2010.shp,Waikato,Mokau,False,10,10,0,missing Total_UNCY
Z:\MaxarImagery\HighFreq\Waikato\Mokau\Shorelines\Mokau_17MAR2020.shp,Waikato,Mokau,False,12,12,0,missing Total_UNCY
Z:\MaxarImagery\HighFreq\Waikato\Mokau\Shorelines\Mokau_29MAY2015.shp,Waikato,Mokau,False,11,11,0,missing Total_UNCY
Z:\Retrolens\Waikato\Mokau\Shorelines\Mokau_01APR1950.shp,Waikato,Mokau,False,2,2,0,missing Total_UNCY
Z:\Retrolens\Waikato\Mokau\Shorelines\Mokau_01APR1979.shp,Waikato,Mokau,False,1,1,0,missing Total_UNCY
Z:\Retrolens\Waikato\Mokau\Shorelines\Mokau_01JAN2002.shp,Waikato,Mokau,False,2,2,0,missing Total_UNCY
Z:\Retrolens\Waikato\Mokau\Shorelines\Mokau_03SEP1976.shp,Waikato,Mokau,False,1,1,0,missing Total_UNCY
Z:\Retrolens\Waikato\Mokau\Shorelines\Mokau_10MAR2018.shp,Waikato,Mokau,False,3,3,0,missing Total_UNCY
Z:\Retrolens\Waikato\Mokau\Shorelines\Mokau_12JAN2013.shp,Waikato,Mokau,False,1,1,0,missing Total_UNCY
Z:\Retrolens\Waikato\Mokau\Shorelines\Mokau_12SEP1974.shp,Waikato,Mokau,False,2,2,0,missing Total_UNCY
Z:\Retrolens\Waikato\Mokau\Shorelines\Mokau_13MAY1968.shp,Waikato,Mokau,False,1,1,0,missing Total_UNCY
Z:\Retrolens\Waikato\Mokau\Shorelines\Mokau_15FEB2022.shp,Waikato,Mokau,False,1,1,0,missing Total_UNCY
Z:\Retrolens\Waikato\Mokau\Shorelines\Mokau_17APR1946.shp,Waikato,Mokau,False,1,1,0,missing Total_UNCY
Z:\Retrolens\Waikato\Mokau\Shorelines\Mokau_21NOV1986.shp,Waikato,Mokau,False,2,2,0,missing Total_UNCY
Z:\Retrolens\Waikato\Mokau\Shorelines\Mokau_29JAN1964.shp,Waikato,Mokau,False,1,1,0,missing Total_UNCY
Z:\MaxarImagery\HighFreq\Waikato\Pauanui_Tairua\Shorelines\Pauanui_Tairua_06SEP2019.shp,Waikato,Pauanui_Tairua,False,2,2,0,missing Total_UNCY
Z:\MaxarImagery\HighFreq\Waikato\Pauanui_Tairua\Shorelines\Pauanui_Tairua_09FEB2019.shp,Waikato,Pauanui_Tairua,False,2,2,0,missing Total_UNCY
Z:\MaxarImagery\HighFreq\Waikato\Pauanui_Tairua\Shorelines\Pauanui_Tairua_09JAN2004.shp,Waikato,Pauanui_Tairua,False,5,5,0,missing Total_UNCY
Z:\MaxarImagery\HighFreq\Waikato\Pauanui_Tairua\Shorelines\Pauanui_Tairua_11AUG2018.shp,Waikato,Pauanui_Tairua,False,4,4,0,missing Total_UNCY
Z:\MaxarImagery\HighFreq\Waikato\Pauanui_Tairua\Shorelines\Pauanui_Tairua_14AUG2014.shp,Waikato,Pauanui_Tairua,False,2,2,0,missing Total_UNCY
Z:\MaxarImagery\HighFreq\Waikato\Pauanui_Tairua\Shorelines\Pauanui_Tairua_19NOV2007.shp,Waikato,Pauanui_Tairua,False,5,5,0,missing Total_UNCY
Z:\MaxarImagery\HighFreq\Waikato\Pauanui_Tairua\Shorelines\Pauanui_Tairua_20MAY2012.shp,Waikato,Pauanui_Tairua,False,4,4,0,missing Total_UNCY
Z:\MaxarImagery\HighFreq\Waikato\Pauanui_Tairua\Shorelines\Pauanui_Tairua_25FEB2016.shp,Waikato,Pauanui_Tairua,False,5,5,0,missing Total_UNCY
Z:\MaxarImagery\HighFreq\Waikato\Pauanui_Tairua\Shorelines\Pauanui_Tairua_29APR2010.shp,Waikato,Pauanui_Tairua,False,4,4,0,missing Total_UNCY
Z:\Retrolens\Waikato\Pauanui_Tairua\Shorelines\Pauanui_Tairua_03DEC1980.shp,Waikato,Pauanui_Tairua,False,1,1,0,missing Total_UNCY
Z:\Retrolens\Waikato\Pauanui_Tairua\Shorelines\Pauanui_Tairua_03JAN2022.shp,Waikato,Pauanui_Tairua,False,2,2,0,missing Total_UNCY
Z:\Retrolens\Waikato\Pauanui_Tairua\Shorelines\Pauanui_Tairua_04FEB2019.shp,Waikato,Pauanui_Tairua,False,3,3,0,missing Total_UNCY
Z:\Retrolens\Waikato\Pauanui_Tairua\Shorelines\Pauanui_Tairua_07JAN2023.shp,Waikato,Pauanui_Tairua,False,2,2,0,missing Total_UNCY
Z:\Retrolens\Waikato\Pauanui_Tairua\Shorelines\Pauanui_Tairua_09FEB1971.shp,Waikato,Pauanui_Tairua,False,3,3,0,missing Total_UNCY
Z:\Retrolens\Waikato\Pauanui_Tairua\Shorelines\Pauanui_Tairua_14OCT1966.shp,Waikato,Pauanui_Tairua,False,3,3,0,missing Total_UNCY
Z:\Retrolens\Waikato\Pauanui_Tairua\Shorelines\Pauanui_Tairua_18FEB2023.shp,Waikato,Pauanui_Tairua,False,1,1,0,missing Total_UNCY
Z:\Retrolens\Waikato\Pauanui_Tairua\Shorelines\Pauanui_Tairua_18JAN1978.shp,Waikato,Pauanui_Tairua,False,2,2,0,missing Total_UNCY
Z:\Retrolens\Waikato\Pauanui_Tairua\Shorelines\Pauanui_Tairua_22MAY1944.shp,Waikato,Pauanui_Tairua,False,4,4,0,missing Total_UNCY
Z:\Retrolens\Waikato\Pauanui_Tairua\Shorelines\Pauanui_Tairua_25AUG2023.shp,Waikato,Pauanui_Tairua,False,2,2,0,missing Total_UNCY
Z:\Retrolens\Waikato\Pauanui_Tairua\Shorelines\Pauanui_Tairua_28FEB2023.shp,Waikato,Pauanui_Tairua,False,2,2,0,missing Total_UNCY
Z:\MaxarImagery\HighFreq\Waikato\PortWaikato\Shorelines\PortWaikato_07NOV2012.shp,Waikato,PortWaikato,False,6,6,0,missing Total_UNCY
Z:\MaxarImagery\HighFreq\Waikato\PortWaikato\Shorelines\PortWaikato_09MAR2016.shp,Waikato,PortWaikato,False,5,5,0,missing Total_UNCY
Z:\MaxarImagery\HighFreq\Waikato\PortWaikato\Shorelines\PortWaikato_12MAR2011.shp,Waikato,PortWaikato,False,6,6,0,missing Total_UNCY
Z:\MaxarImagery\HighFreq\Waikato\PortWaikato\Shorelines\PortWaikato_24JAN2020.shp,Waikato,PortWaikato,False,5,5,0,missing Total_UNCY
Z:\MaxarImagery\HighFreq\Waikato\PortWaikato\Shorelines\PortWaikato_28JULY2006.shp,Waikato,PortWaikato,False,6,6,0,missing Total_UNCY
Z:\MaxarImagery\HighFreq\Waikato\PortWaikato\Shorelines\PortWaikato_31JAN2014.shp,Waikato,PortWaikato,False,5,5,0,missing Total_UNCY
Z:\Retrolens\Waikato\PortWaikato\Shorelines\PortWaikato_01JAN2002.shp,Waikato,PortWaikato,False,2,2,0,missing Total_UNCY
Z:\Retrolens\Waikato\PortWaikato\Shorelines\PortWaikato_11FEB2019.shp,Waikato,PortWaikato,False,1,1,0,missing Total_UNCY
Z:\Retrolens\Waikato\PortWaikato\Shorelines\PortWaikato_12APR1997.shp,Waikato,PortWaikato,False,1,1,0,missing Total_UNCY
Z:\Retrolens\Waikato\PortWaikato\Shorelines\PortWaikato_12SEP1961.shp,Waikato,PortWaikato,False,1,1,0,missing Total_UNCY
Z:\Retrolens\Waikato\PortWaikato\Shorelines\PortWaikato_15APR1955.shp,Waikato,PortWaikato,False,1,1,0,missing Total_UNCY
Z:\Retrolens\Waikato\PortWaikato\Shorelines\PortWaikato_15APR1975.shp,Waikato,PortWaikato,False,1,1,0,missing Total_UNCY
Z:\Retrolens\Waikato\PortWaikato\Shorelines\PortWaikato_15FEB2022.shp,Waikato,PortWaikato,False,1,1,0,missing Total_UNCY
Z:\Retrolens\Waikato\PortWaikato\Shorelines\PortWaikato_20MAY1979.shp,Waikato,PortWaikato,False,1,1,0,missing Total_UNCY
Z:\Retrolens\Waikato\PortWaikato\Shorelines\PortWaikato_21FEB1969.shp,Waikato,PortWaikato,False,1,1,0,missing Total_UNCY
Z:\Retrolens\Waikato\PortWaikato\Shorelines\PortWaikato_21OCT1987.shp,Waikato,PortWaikato,False,1,1,0,missing Total_UNCY
Z:\Retrolens\Waikato\PortWaikato\Shorelines\PortWaikato_22MAR1986.shp,Waikato,PortWaikato,False,2,2,0,missing Total_UNCY
Z:\Retrolens\Waikato\PortWaikato\Shorelines\PortWaikato_29MAR2012.shp,Waikato,PortWaikato,False,1,1,0,missing Total_UNCY
Z:\Retrolens\Waikato\Whitianga\Shorelines\Whitianga_01JAN2002.shp,Waikato,Whitianga,False,2,2,0,missing Total_UNCY
Z:\Retrolens\Waikato\Whitianga\Shorelines\Whitianga_03DEC1980.shp,Waikato,Whitianga,False,3,3,0,missing Total_UNCY
Z:\Retrolens\Waikato\Whitianga\Shorelines\Whitianga_03DEC2022.shp,Waikato,Whitianga,False,3,3,0,missing Total_UNCY
Z:\Retrolens\Waikato\Whitianga\Shorelines\Whitianga_04FEB2019.shp,Waikato,Whitianga,False,4,4,0,missing Total_UNCY
Z:\Retrolens\Waikato\Whitianga\Shorelines\Whitianga_07FEB1968.shp,Waikato,Whitianga,False,2,2,0,missing Total_UNCY
Z:\Retrolens\Waikato\Whitianga\Shorelines\Whitianga_09FEB1971.shp,Waikato,Whitianga,False,4,4,0,missing Total_UNCY
Z:\Retrolens\Waikato\Whitianga\Shorelines\Whitianga_11SEP1977.shp,Waikato,Whitianga,False,2,2,0,missing Total_UNCY
Z:\Retrolens\Waikato\Whitianga\Shorelines\Whitianga_14OCT1966.shp,Waikato,Whitianga,False,3,3,0,missing Total_UNCY
Z:\Retrolens\Waikato\Whitianga\Shorelines\Whitianga_15JAN2023.shp,Waikato,Whitianga,False,9,9,0,missing Total_UNCY
Z:\Retrolens\Waikato\Whitianga\Shorelines\Whitianga_16DEC1960.shp,Waikato,Whitianga,False,4,4,0,missing Total_UNCY
Z:\Retrolens\Waikato\Whitianga\Shorelines\Whitianga_18FEB2023.shp,Waikato,Whitianga,False,3,3,0,missing Total_UNCY
Z:\Retrolens\Waikato\Whitianga\Shorelines\Whitianga_18JAN1978.shp,Waikato,Whitianga,False,2,2,0,missing Total_UNCY
Z:\Retrolens\Waikato\Whitianga\Shorelines\Whitianga_21AUG2023.shp,Waikato,Whitianga,False,8,8,0,missing Total_UNCY
Z:\Retrolens\Waikato\Whitianga\Shorelines\Whitianga_22MAY1944.shp,Waikato,Whitianga,False,5,5,0,missing Total_UNCY
Z:\Retrolens\Waikato\Whitianga\Shorelines\Whitianga_26JAN1981.shp,Waikato,Whitianga,False,3,3,0,missing Total_UNCY
Z:\Retrolens\Waikato\Whitianga\Shorelines\Whitianga_27NOV2022.shp,Waikato,Whitianga,False,6,6,0,missing Total_UNCY
Z:\MaxarImagery\HighFreq\Wellington\KapitiMid\Shorelines\KapitiMid_05APR2011.shp,Wellington,KapitiMid,False,19,19,0,missing Total_UNCY
Z:\MaxarImagery\HighFreq\Wellington\KapitiMid\Shorelines\KapitiMid_19JAN2006.shp,Wellington,KapitiMid,False,12,12,0,missing Total_UNCY
Z:\MaxarImagery\HighFreq\Wellington\KapitiMid\Shorelines\KapitiMid_22MAY2023.shp,Wellington,KapitiMid,True,5,5,0,missing Total_UNCY
Z:\MaxarImagery\HighFreq\Wellington\KapitiMid\Shorelines\KapitiMid_25AUG2017.shp,Wellington,KapitiMid,False,11,11,0,missing Total_UNCY
Z:\MaxarImagery\HighFreq\Wellington\KapitiMid\Shorelines\KapitiMid_31OCT2019.shp,Wellington,KapitiMid,False,15,15,0,missing Total_UNCY
Z:\Retrolens\Wellington\KapitiMid\Shorelines\KapitiMid_01AUG1942.shp,Wellington,KapitiMid,False,7,7,0,missing Total_UNCY
Z:\Retrolens\Wellington\KapitiMid\Shorelines\KapitiMid_05FEB1977.shp,Wellington,KapitiMid,False,13,13,0,missing Total_UNCY
Z:\Retrolens\Wellington\KapitiMid\Shorelines\KapitiMid_05FEB1991.shp,Wellington,KapitiMid,False,9,9,0,missing Total_UNCY
Z:\Retrolens\Wellington\KapitiMid\Shorelines\KapitiMid_15APR1966.shp,Wellington,KapitiMid,False,9,9,0,missing Total_UNCY
Z:\Retrolens\Wellington\KapitiMid\Shorelines\KapitiMid_17APR1952.shp,Wellington,KapitiMid,False,14,14,0,missing Total_UNCY
Z:\Retrolens\Wellington\KapitiMid\Shorelines\KapitiMid_20NOV1987.shp,Wellington,KapitiMid,False,13,13,0,missing Total_UNCY
Z:\Retrolens\Wellington\KapitiMid\Shorelines\KapitiMid_25AUG2017.shp,Wellington,KapitiMid,False,11,11,0,missing Total_UNCY
Z:\Retrolens\Wellington\KapitiMid\Shorelines\KapitiMid_29OCT1973.shp,Wellington,KapitiMid,False,12,12,0,missing Total_UNCY
Z:\MaxarImagery\HighFreq\Wellington\KapitiNorth\Shorelines\NorthKapiti_04APR2014.shp,Wellington,KapitiNorth,False,4,4,0,missing Total_UNCY
Z:\MaxarImagery\HighFreq\Wellington\KapitiNorth\Shorelines\NorthKapiti_04MAR2010.shp,Wellington,KapitiNorth,False,4,4,0,missing Total_UNCY
Z:\MaxarImagery\HighFreq\Wellington\KapitiNorth\Shorelines\NorthKapiti_07SEP2023.shp,Wellington,KapitiNorth,True,2,2,0,missing Total_UNCY
Z:\MaxarImagery\HighFreq\Wellington\KapitiNorth\Shorelines\NorthKapiti_14APR2006.shp,Wellington,KapitiNorth,False,3,3,0,missing Total_UNCY
Z:\MaxarImagery\HighFreq\Wellington\KapitiNorth\Shorelines\NorthKapiti_15MAR2017.shp,Wellington,KapitiNorth,False,6,6,0,missing Total_UNCY
Z:\MaxarImagery\HighFreq\Wellington\KapitiNorth\Shorelines\NorthKapiti_15MAY2024.shp,Wellington,KapitiNorth,True,2,2,0,missing Total_UNCY
Z:\MaxarImagery\HighFreq\Wellington\KapitiNorth\Shorelines\NorthKapiti_24FEB2022.shp,Wellington,KapitiNorth,True,2,2,0,missing Total_UNCY
Z:\MaxarImagery\HighFreq\Wellington\KapitiNorth\Shorelines\NorthKapiti_27APR2020.shp,Wellington,KapitiNorth,False,4,4,0,missing Total_UNCY
Z:\MaxarImagery\HighFreq\Wellington\KapitiNorth\Shorelines\NorthKapiti_31OCT2019.shp,Wellington,KapitiNorth,True,1,1,0,missing Total_UNCY
Z:\Retrolens\Wellington\KapitiNorth\Shorelines\NorthKapiti_06OCT1980.shp,Wellington,KapitiNorth,False,5,5,0,missing Total_UNCY
Z:\Retrolens\Wellington\KapitiNorth\Shorelines\NorthKapiti_15APR1966.shp,Wellington,KapitiNorth,False,5,5,0,missing Total_UNCY
Z:\Retrolens\Wellington\KapitiNorth\Shorelines\NorthKapiti_15JAN1957.shp,Wellington,KapitiNorth,False,3,3,0,missing Total_UNCY
Z:\Retrolens\Wellington\KapitiNorth\Shorelines\NorthKapiti_24MAR1970.shp,Wellington,KapitiNorth,False,4,4,0,missing Total_UNCY
Z:\Retrolens\Wellington\KapitiNorth\Shorelines\NorthKapiti_28APR1948.shp,Wellington,KapitiNorth,False,1,1,0,missing Total_UNCY
Z:\Retrolens\Wellington\KapitiNorth\Shorelines\NorthKapiti_30JAN2003.shp,Wellington,KapitiNorth,False,3,3,0,missing Total_UNCY
Z:\MaxarImagery\HighFreq\Wellington\KapitiSouth\Shorelines\KapitiSouth_11MAR2005.shp,Wellington,KapitiSouth,False,10,10,0,missing Total_UNCY
Z:\MaxarImagery\HighFreq\Wellington\KapitiSouth\Shorelines\KapitiSouth_13NOV2022.shp,Wellington,KapitiSouth,True,6,6,0,missing Total_UNCY
Z:\MaxarImagery\HighFreq\Wellington\KapitiSouth\Shorelines\KapitiSouth_21MAY2015.shp,Wellington,KapitiSouth,False,6,6,0,missing Total_UNCY
Z:\MaxarImagery\HighFreq\Wellington\KapitiSouth\Shorelines\KapitiSouth_22MAY2023.shp,Wellington,KapitiSouth,True,4,4,0,missing Total_UNCY
Z:\MaxarImagery\HighFreq\Wellington\KapitiSouth\Shorelines\KapitiSouth_23MAY2011.shp,Wellington,KapitiSouth,False,9,9,0,missing Total_UNCY
Z:\MaxarImagery\HighFreq\Wellington\KapitiSouth\Shorelines\KapitiSouth_24JAN2024.shp,Wellington,KapitiSouth,True,6,6,0,missing Total_UNCY
Z:\MaxarImagery\HighFreq\Wellington\KapitiSouth\Shorelines\KapitiSouth_27APR2020.shp,Wellington,KapitiSouth,False,9,9,0,missing Total_UNCY
Z:\MaxarImagery\HighFreq\Wellington\KapitiSouth\Shorelines\KapitiSouth_27MAR2009.shp,Wellington,KapitiSouth,False,8,8,0,missing Total_UNCY
Z:\MaxarImagery\HighFreq\Wellington\KapitiSouth\Shorelines\KapitiSouth_29MAR2018.shp,Wellington,KapitiSouth,False,14,14,0,missing Total_UNCY
Z:\Retrolens\Wellington\KapitiSouth\Shorelines\KapitiSouth_01AUG1942.shp,Wellington,KapitiSouth,False,9,9,0,missing Total_UNCY
Z:\Retrolens\Wellington\KapitiSouth\Shorelines\KapitiSouth_02JAN1988.shp,Wellington,KapitiSouth,False,9,9,0,missing Total_UNCY
Z:\Retrolens\Wellington\KapitiSouth\Shorelines\KapitiSouth_05FEB1977.shp,Wellington,KapitiSouth,False,10,10,0,missing Total_UNCY
Z:\Retrolens\Wellington\KapitiSouth\Shorelines\KapitiSouth_06OCT1980.shp,Wellington,KapitiSouth,False,10,10,0,missing Total_UNCY
Z:\Retrolens\Wellington\KapitiSouth\Shorelines\KapitiSouth_09DEC1948.shp,Wellington,KapitiSouth,False,5,5,0,missing Total_UNCY
Z:\Retrolens\Wellington\KapitiSouth\Shorelines\KapitiSouth_15APR1966.shp,Wellington,KapitiSouth,False,6,6,0,missing Total_UNCY
Z:\Retrolens\Wellington\KapitiSouth\Shorelines\KapitiSouth_17APR1952.shp,Wellington,KapitiSouth,False,5,5,0,missing Total_UNCY
Z:\Retrolens\Wellington\KapitiSouth\Shorelines\KapitiSouth_29OCT1973.shp,Wellington,KapitiSouth,False,6,6,0,missing Total_UNCY
Z:\MaxarImagery\HighFreq\Wellington\Otaki\Shorelines\Otaki_03MAR2010.shp,Wellington,Otaki,False,9,9,0,missing Total_UNCY
Z:\MaxarImagery\HighFreq\Wellington\Otaki\Shorelines\Otaki_07SEP2023.shp,Wellington,Otaki,True,2,2,0,missing Total_UNCY
Z:\MaxarImagery\HighFreq\Wellington\Otaki\Shorelines\Otaki_11APR2002.shp,Wellington,Otaki,False,9,9,0,missing Total_UNCY
Z:\MaxarImagery\HighFreq\Wellington\Otaki\Shorelines\Otaki_15MAY2024.shp,Wellington,Otaki,True,2,2,0,missing Total_UNCY
Z:\MaxarImagery\HighFreq\Wellington\Otaki\Shorelines\Otaki_24FEB2022.shp,Wellington,Otaki,True,2,2,0,missing Total_UNCY
Z:\MaxarImagery\HighFreq\Wellington\Otaki\Shorelines\Otaki_25JAN2015.shp,Wellington,Otaki,False,14,14,0,missing Total_UNCY
Z:\MaxarImagery\HighFreq\Wellington\Otaki\Shorelines\Otaki_26OCT2005.shp,Wellington,Otaki,False,13,13,0,missing Total_UNCY
Z:\Retrolens\Wellington\Otaki\Shorelines\Otaki_04OCT1939.shp,Wellington,Otaki,False,4,4,0,missing Total_UNCY
Z:\Retrolens\Wellington\Otaki\Shorelines\Otaki_06OCT1980.shp,Wellington,Otaki,False,11,11,0,missing Total_UNCY
Z:\Retrolens\Wellington\Otaki\Shorelines\Otaki_13FEB2021.shp,Wellington,Otaki,False,9,9,0,missing Total_UNCY
Z:\Retrolens\Wellington\Otaki\Shorelines\Otaki_15APR1966.shp,Wellington,Otaki,False,8,8,0,missing Total_UNCY
Z:\Retrolens\Wellington\Otaki\Shorelines\Otaki_15JAN1957.shp,Wellington,Otaki,False,16,16,0,missing Total_UNCY
Z:\Retrolens\Wellington\Otaki\Shorelines\Otaki_24FEB2017.shp,Wellington,Otaki,False,6,6,0,missing Total_UNCY
Z:\Retrolens\Wellington\Otaki\Shorelines\Otaki_28APR1948.shp,Wellington,Otaki,False,12,12,0,missing Total_UNCY
Z:\MaxarImagery\HighFreq\WestCoast\GreymouthSouth\Shorelines\GreymouthSouth_14DEC2014.shp,WestCoast,GreymouthSouth,False,3,3,0,missing Total_UNCY
Z:\MaxarImagery\HighFreq\WestCoast\GreymouthSouth\Shorelines\GreymouthSouth_19OCT2010.shp,WestCoast,GreymouthSouth,False,5,5,0,missing Total_UNCY
Z:\MaxarImagery\HighFreq\WestCoast\GreymouthSouth\Shorelines\GreymouthSouth_23JUNE2019.shp,WestCoast,GreymouthSouth,False,6,6,0,missing Total_UNCY
Z:\MaxarImagery\HighFreq\WestCoast\GreymouthSouth\Shorelines\GreymouthSouth_27AUG2004.shp,WestCoast,GreymouthSouth,False,2,2,0,missing Total_UNCY
Z:\Retrolens\WestCoast\GreymouthSouth\Shorelines\GreymouthSouth_01NOV1969.shp,WestCoast,GreymouthSouth,False,4,4,0,missing Total_UNCY
Z:\Retrolens\WestCoast\GreymouthSouth\Shorelines\GreymouthSouth_02FEB2016.shp,WestCoast,GreymouthSouth,False,6,6,0,missing Total_UNCY
Z:\Retrolens\WestCoast\GreymouthSouth\Shorelines\GreymouthSouth_11NOV1963.shp,WestCoast,GreymouthSouth,False,2,2,0,missing Total_UNCY
Z:\Retrolens\WestCoast\GreymouthSouth\Shorelines\GreymouthSouth_17NOV2023.shp,WestCoast,GreymouthSouth,False,8,8,0,missing Total_UNCY
Z:\Retrolens\WestCoast\GreymouthSouth\Shorelines\GreymouthSouth_18FEB1988.shp,WestCoast,GreymouthSouth,False,3,3,0,missing Total_UNCY
Z:\Retrolens\WestCoast\GreymouthSouth\Shorelines\GreymouthSouth_21May1945.shp,WestCoast,GreymouthSouth,False,2,2,0,missing Total_UNCY
Z:\MaxarImagery\HighFreq\Auckland\ManukapuaIsland\Shorelines\ManukapuaIsland_08AUG2022.shp,,,,,,,eligible shoreline not used in final DSAS results (no successful transect intersections)
Z:\MaxarImagery\HighFreq\Auckland\ManukapuaIsland\Shorelines\ManukapuaIsland_09JUN2023.shp,,,,,,,eligible shoreline not used in final DSAS results (no successful transect intersections)
Z:\MaxarImagery\HighFreq\Auckland\ManukapuaIsland\Shorelines\ManukapuaIsland_18MAR2024.shp,,,,,,,eligible shoreline not used in final DSAS results (no successful transect intersections)
Z:\MaxarImagery\HighFreq\Auckland\ManukapuaIsland\Shorelines\ManukapuaIsland_20JUL2019.shp,,,,,,,eligible shoreline not used in final DSAS results (no successful transect intersections)
Z:\MaxarImagery\HighFreq\Canterbury\Kaikoura\Shorelines\Kaikoura_01JUN2023.shp,,,,,,,eligible shoreline not used in final DSAS results (no successful transect intersections)
Z:\MaxarImagery\HighFreq\Canterbury\Kaikoura\Shorelines\Kaikoura_30JUN2022.shp,,,,,,,eligible shoreline not used in final DSAS results (no successful transect intersections)
Z:\MaxarImagery\HighFreq\Manawatu-Whanganui\WhanganuiSouth\Shorelines\Whanganui_15JAN2023.shp,,,,,,,eligible shoreline not used in final DSAS results (no successful transect intersections)
Z:\MaxarImagery\HighFreq\Manawatu-Whanganui\WhanganuiSouth\Shorelines\Whanganui_18JUN2024.shp,,,,,,,eligible shoreline not used in final DSAS results (no successful transect intersections)
