level,driver,rho,lo,hi,n,n_blocks
transect,hs_mean,0.024475675060126614,-0.01017024152563712,0.0576102881909726,228538,2959
transect,hs_p99,0.0954718558404351,0.058938493148102435,0.13132793346280044,228538,2959
transect,storm_hrs_gt4m_yr,0.12112776729101028,0.08606510270040262,0.1554081060997238,228538,2959
transect,cge_mean,0.04042456065920158,0.005615958622687556,0.07473485565843155,228538,2959
transect,t01_mean,-0.022027982161191523,-0.05652389345559844,0.016409088429359182,228538,2959
transect,wave_incidence_deg,-0.1151606709640333,-0.14971060268392347,-0.0794020182685993,228538,2959
transect,beach_slope_face,-0.2579413289220321,-0.2963023283688286,-0.2199829171880567,163897,2031
transect,tanbeta_nearshore,0.11219934567331957,0.07633603259663439,0.14614794189824873,190375,2638
transect,closure_depth_m,0.013336465512559516,-0.02249949443754323,0.04958567272854594,213093,2813
transect,vlm_mm_yr,-0.08201255393318581,-0.11693462527867643,-0.04604396293848551,228538,2959
transect,backshore_mean,-0.052171204266558524,-0.08775603449292246,-0.01923425028012771,222030,2898
transect,backshore_max,-0.054046811028724946,-0.08883710399691506,-0.02227163852223882,222030,2898
transect,hinterland_slope,0.01063762608469455,-0.023174197880597783,0.03904099430411358,221924,2897
transect,spring_range_m,-0.05505855879308694,-0.08599402695976535,-0.02161056337752138,228538,2959
transect,form_factor,0.09667607796593125,0.06341069184499862,0.12797440519131925,228538,2959
transect,dist_mouth_km,0.026794801218889764,-0.006560767627280592,0.058491528063033524,228538,2959
transect,river_supply_idx,-0.10328217347246801,-0.14072922314162156,-0.06665652887993054,228538,2959
transect,rain_mm_yr,0.024071783218883695,-0.014451955493753952,0.05870889026534138,228538,2959
transect,rainstorm_days,0.013125084564893263,-0.02759146543884521,0.048755039653354364,228538,2959
transect,geol_age_ma,-0.13467928556723685,-0.16181102888776275,-0.108927995894864,228538,2959
transect,erodibility_ord,0.12239953758538812,0.09285391830027309,0.15442726187806396,228538,2959
transect,shaking_idx,-0.04809684505977953,-0.08374721606789315,-0.011190058603322674,228538,2959
transect,n_M5_50km,0.006721854029990493,-0.03383831505081221,0.042905965396065705,228538,2959
transect,dist_M65_km,0.05617132232098924,0.021202595236623985,0.09325237793879466,228538,2959
1km,hs_mean,0.003899501985340363,-0.030903197595091803,0.04047520961452903,2959,2959
1km,hs_p99,0.06814715285173258,0.03184341512218624,0.10388377112820626,2959,2959
1km,storm_hrs_gt4m_yr,0.09573348599058425,0.05822094654727469,0.13287743364746987,2959,2959
1km,cge_mean,0.016655910892468873,-0.018178190970210836,0.054166969685244634,2959,2959
1km,t01_mean,-0.03538488770749357,-0.07154167905079964,0.0025551839861702643,2959,2959
1km,wave_incidence_deg,-0.11113122683234034,-0.14883111896388856,-0.07227248401498315,2959,2959
1km,beach_slope_face,-0.2490604399955118,-0.29214765097921674,-0.2081410745812995,2031,2031
1km,tanbeta_nearshore,0.12211069401875256,0.08536126831134139,0.1555267916093324,2638,2638
1km,closure_depth_m,0.011375281010842671,-0.026168488515313403,0.04866247880108941,2813,2813
1km,vlm_mm_yr,-0.06569182406220546,-0.10228884648763867,-0.029646348209145017,2959,2959
1km,backshore_mean,-0.07856447600485165,-0.1165962550820127,-0.040384476395414926,2898,2898
1km,backshore_max,-0.071112607553597,-0.11056923488168816,-0.03296425053470615,2898,2898
1km,hinterland_slope,-0.0082649693019371,-0.047643696949994055,0.029284542128183627,2897,2897
1km,spring_range_m,-0.06177737522784019,-0.0945472430024604,-0.02898629285472437,2959,2959
1km,form_factor,0.10702520279334024,0.07261996396022072,0.14082080424023766,2959,2959
1km,dist_mouth_km,0.03179411610023003,-0.0059823837195818646,0.06679571083963276,2959,2959
1km,river_supply_idx,-0.10418124678591985,-0.14316672639337577,-0.06631554513106319,2959,2959
1km,rain_mm_yr,0.004386953578732281,-0.03492740441971755,0.03887627291837697,2959,2959
1km,rainstorm_days,-0.015093349474885354,-0.05567339256610203,0.019226990699239974,2959,2959
1km,geol_age_ma,-0.12876256244569617,-0.15853761637787667,-0.0980198686268399,2959,2959
1km,erodibility_ord,0.11385641903541362,0.08014096975510406,0.1482910005876735,2959,2959
1km,shaking_idx,-0.06725181642924688,-0.10429389955336421,-0.031147856339106175,2959,2959
1km,n_M5_50km,-0.03430313934764406,-0.07412130744642893,0.002605558816758266,2959,2959
1km,dist_M65_km,0.08728703053899556,0.05394043132735223,0.1253559235309245,2959,2959
site,hs_mean,-0.04179855108421774,-0.07559685284028717,-0.010496853542914285,8977,2508
site,hs_p99,-0.0036770480819116884,-0.037580761868723965,0.028228890643803486,8977,2508
site,storm_hrs_gt4m_yr,0.02057340151458393,-0.014919587834316891,0.055090255522137255,8977,2508
site,cge_mean,-0.03585194169733923,-0.0695405428424789,-0.004563271705168585,8977,2508
site,t01_mean,-0.05367690847009728,-0.08940924375779966,-0.02226084234176374,8977,2508
site,wave_incidence_deg,-0.09550826550854113,-0.12718966598415196,-0.06355139353768079,8977,2508
site,beach_slope_face,-0.10225596399372913,-0.1442578090094594,-0.060029207579765806,5811,1670
site,tanbeta_nearshore,0.04947354487242579,0.01695147053777632,0.08040173147512214,7818,2247
site,closure_depth_m,-0.024318470324590277,-0.056438716351897816,0.013054128196994273,8386,2369
site,vlm_mm_yr,-0.012120703247371882,-0.04688253842764664,0.018474528928726322,8977,2508
site,backshore_mean,-0.07882986597380233,-0.11020073205028201,-0.04772697493185265,8822,2461
site,backshore_max,-0.06973721604921881,-0.10195692832865638,-0.03532483616692572,8822,2461
site,hinterland_slope,-0.023012163460056155,-0.05241761151190063,0.009837158166210221,8821,2460
site,spring_range_m,-0.047529014823673124,-0.08362653728315807,-0.013120121443462123,8977,2508
site,form_factor,0.09172539342386529,0.05830611498626066,0.1254674364647696,8977,2508
site,dist_mouth_km,-0.019644222568937872,-0.049299955207771244,0.015497995575761694,8977,2508
site,river_supply_idx,-0.09821407691271178,-0.13432151262631595,-0.06348452756981433,8977,2508
site,rain_mm_yr,-0.014174078665557694,-0.0470101505726656,0.016724976019192046,8977,2508
site,rainstorm_days,-0.03261231045990876,-0.0669267332141636,0.0018768260208095306,8977,2508
site,geol_age_ma,-0.06605227285177244,-0.09338788465777322,-0.03571851884834866,8977,2508
site,erodibility_ord,0.05781221956951101,0.025396318899922634,0.08638773224265028,8977,2508
site,shaking_idx,-0.0885742686023425,-0.12445764053691859,-0.05512408908946405,8977,2508
site,n_M5_50km,-0.07603331092620597,-0.11074983276245567,-0.043388837679380364,8977,2508
site,dist_M65_km,0.09245091104218779,0.05963015502226171,0.13215098547406529,8977,2508
