grid,partial_dependence
,0.022837091451993096
,0.022837091451993096
,0.022837091451993096
,0.022837091451993096
,0.022837091451993096
,0.022837091451993096
,0.022837091451993096
,0.022837091451993096
,0.022837091451993096
,0.022837091451993096
,0.022837091451993096
,0.022837091451993096
,0.022837091451993096
,0.022837091451993096
,0.022837091451993096
,0.022837091451993096
,0.022837091451993096
,0.022837091451993096
,0.022837091451993096
,0.022837091451993096
,0.022837091451993096
,0.022837091451993096
,0.022837091451993096
,0.022837091451993096
,0.022837091451993096
,0.022837091451993096
,0.022837091451993096
,0.022837091451993096
,0.022837091451993096
,0.022837091451993096
,0.022837091451993096
,0.022837091451993096
,0.022837091451993096
,0.022837091451993096
,0.022837091451993096
,0.022837091451993096
,0.022837091451993096
,0.022837091451993096
,0.022837091451993096
,0.022837091451993096
